图片地址,商品价格,商店名称,评论数量,商品链接,标题,商品比重
https://img10.360buyimg.com/n7/jfs/t1/121499/19/1089/85373/5eb95795E3b707fe2/a86a96c17f6e7d42.jpg,1899,小米京东自营旗舰店,14776,https://item.jd.com/100007090657.html,RedmiK30极速版5G双模120Hz流速屏骁龙768G前置挖孔双摄索尼6400万后置四摄30W快充6GB+128GB深海微光游戏智能手机小米红米,26
https://img10.360buyimg.com/n7/jfs/t1/130564/13/943/229595/5ed36f4bE57358b47/986b72a99459c998.jpg,699,金立手机京东自营旗舰店,15829,https://item.jd.com/100008426582.html,金立GioneeK36GB+128GB极光蓝5000mAh大电池后置双摄6.2英寸水滴屏微信8开全网通4G双卡双待,31
https://img10.360buyimg.com/n7/jfs/t1/105043/22/17011/74703/5e834814Ec61642bb/3b86ddbe67172f96.jpg,949,iQOO官方旗舰店,1274,https://item.jd.com/67345685938.html,【6.2至高省50】vivoU3x5000mAh大电池超广角AI三摄4G全网通智能手机4GB+64GB深湖蓝,19
https://img10.360buyimg.com/n7/jfs/t1/114417/21/8922/29113/5ed33af3E6db7c068/8de3453f19643728.jpg,649,小米京东自营旗舰店,766982,https://item.jd.com/100009082500.html,Redmi8A5000mAh大电量大字体大音量大内存骁龙八核处理器AI人脸解锁莱茵护眼全面屏4GB+64GB深海蓝游戏智能老人手机小米红米,21
https://img10.360buyimg.com/n7/jfs/t1/113040/34/8843/122725/5ed3ab15Ee7418c28/191d77ef1bd983dd.jpg,2498,iQOO官方旗舰店,0,https://item.jd.com/69045657329.html,【6.1至高省200】vivoiQOOZ1双模5g天玑1000plus144Hz竞速屏游戏手机8GB+128GB星河银,
https://img10.360buyimg.com/n7/jfs/t1/119600/32/7469/155603/5ed4235dE425afe22/f0b2c79375d7c192.jpg,2998,iQOO官方旗舰店,5362,https://item.jd.com/67485152588.html,【至高省400】vivoiQOONeo3双模5G全网通龙865144Hz竞速屏电竞手机8GB+128GB夜幕黑,30
https://img10.360buyimg.com/n7/jfs/t1/136499/29/965/192883/5ed47b7eE7c5b610a/c867b5a12c4a7249.jpg,2899,鸿兴优品二手手机专营店,7078,https://item.jd.com/26850031494.html,【二手9成新】AppleiPhoneX苹果x全面屏面容识别国行全网通二手手机深空灰64G全网通,27
https://img10.360buyimg.com/n7/jfs/t1/111609/24/8759/264529/5ed48da1E8d7abcdd/04e2340087d3f33d.png,3099,马上优品二手商品旗舰店,9325,https://item.jd.com/27600678320.html,【二手99新】AppleiPhoneX苹果x二手手机全面屏面容识别银色64G全网通,56
https://img10.360buyimg.com/n7/jfs/t1/130059/7/945/43140/5ed35611E10f7f3d9/b958bc81b387ee09.jpg,849,小米京东自营旗舰店,814394,https://item.jd.com/100007958784.html,RedmiNote84800万全场景四摄4000mAh长续航高通骁龙66518W快充小金刚品质保证4GB+64GB皓月白游戏智能手机小米红米,22
https://img10.360buyimg.com/n7/jfs/t1/115089/38/8696/157057/5ed46023Ea37f9332/272cadb175aee4d6.jpg,599,小辣椒手机京东自营官方旗舰店,12368,https://item.jd.com/100003719857.html,小辣椒红辣椒8X4GB+64GB渐变黑6.2英寸水滴屏微信8开潮流渐变人脸识别全网通4G双卡双待,34
https://img10.360buyimg.com/n7/jfs/t1/114336/35/8865/111068/5ed3c25dE7ad57dfc/d11f206c1cd19cff.jpg,2198,iQOO官方旗舰店,519,https://item.jd.com/67367120469.html,【6.1至高省300】vivoZ6双模5G全网通44W超快闪充5000mAh大电池手机6GB+128GB极影黑,20
https://img10.360buyimg.com/n7/jfs/t1/114929/35/8827/249017/5ed3cf66E5dbef360/51ebfba397e37356.jpg,4799,发动机优品二手手机旗舰店,899,https://item.jd.com/61486516008.html,【二手95新】华为Mate30Pro/5G麒麟990环幕屏安卓智能商务电竞游戏拍照手机星河银8+256G5G版全网通,20
https://img10.360buyimg.com/n7/jfs/t1/108240/1/14414/475445/5ea56a6bEbec374f1/a4c93abe14cbc727.png,999,马上优品二手商品旗舰店,20262,https://item.jd.com/12175462793.html,【二手9成新】AppleiPhone6sPlus苹果6sPlus二手手机玫瑰金色32G全网通,50
https://img10.360buyimg.com/n7/jfs/t1/111802/35/9093/239873/5ed51587E283feb5e/69544b59cb7d9bdd.jpg,4719,拍拍二手官方旗舰店,3112,https://item.jd.com/59363531482.html,【二手99新】AppleiPhoneXSMax苹果XSmax国行原装二手手机公开版金色64G全网通,27
https://img10.360buyimg.com/n7/jfs/t1/132499/25/1107/248145/5ed51471Ef0c5e91a/2ba187d964f4343f.jpg,6999,拍拍二手官方旗舰店,608,https://item.jd.com/65417891123.html,【二手99新】AppleiPhone11Pro苹果11Pro国行原装二手手机移动联通电信4G暗夜绿色256G全网通,23
https://img10.360buyimg.com/n7/jfs/t1/136159/2/1069/227587/5ed51466Ec21b51e0/0a8cb87fc5eaab15.jpg,4369,拍拍二手官方旗舰店,3952,https://item.jd.com/65417784592.html,【二手99新】AppleiPhone11苹果11国行原装双卡双待二手手机移动联通电信4G白色64G全网通,22
https://img10.360buyimg.com/n7/jfs/t1/129539/38/3032/158560/5ecdbd13E3974d991/9c54ab17634af47f.jpg,2798,iQOO耀诚鑫专卖店,0,https://item.jd.com/69193156506.html,vivoiQOOZ1手机【6.1日至高省200】双模5g天玑1000plus芯片游戏144Hz星河银8G+256G,
https://img10.360buyimg.com/n7/jfs/t1/117562/25/9113/169168/5ed52820Ea25d739d/0ed296d91299b248.jpg,4299,鸿兴优品二手手机专营店,1899,https://item.jd.com/57065052002.html,【二手99成新】AppleiPhone11(A2223)移动联通电信4G手机双卡双待黑色64G全网通,38
https://img10.360buyimg.com/n7/jfs/t1/132765/4/936/234033/5ed3c1a8E2fde2b7d/d54ee7c1f575957b.jpg,4299,魅族京东自营旗舰店,3847,https://item.jd.com/100012881852.html,魅族17Pro8GB+128GB天青骁龙865旗舰5G手机27W无线充6400W后置主摄90Hz屏幕支持NFC智能游戏手机,25
https://img10.360buyimg.com/n7/jfs/t1/113182/38/8804/230478/5ed3c36bE430471de/f058c96b957345d6.jpg,5099,马上优品二手商品旗舰店,2149,https://item.jd.com/53436301457.html,【二手99新】AppleiPhoneXsMax苹果xsmaxx手机双卡双待Xsmax深空灰256G全网通,37
https://img10.360buyimg.com/n7/jfs/t1/114165/38/8664/229992/5ed1daa7E30b00562/7e0217586dc715c1.jpg,588,常开泰达手机专营店,553,https://item.jd.com/69300515012.html,朵唯9Xpro6G+64/128G全面屏拍照游戏智能手机渐变玻璃超薄机身八核学生老人全网通4G极光白(6G+64G)赠品套装一,42
https://img10.360buyimg.com/n7/jfs/t1/114519/28/8856/120241/5ed3c8d1E4391e335/038d8312c46107f2.jpg,2349,好机汇二手商品专营店,14576,https://item.jd.com/29864659403.html,【二手9成新】苹果8Plus手机AppleiPhone8Plus苹果8P二手手机深空灰64G全网通,29
https://img10.360buyimg.com/n7/jfs/t1/115997/24/7883/139803/5ec7ac69Eb5123f2c/2d14713a79abfdc1.jpg,1298,炜东电商旗舰店,0,https://item.jd.com/69631256889.html,【至高省300】vivoZ5618预定版手机22.5W4500mAh大电量4800万三摄全息幻彩6GB+128GB,
https://img10.360buyimg.com/n7/jfs/t1/115560/7/8767/552112/5ed36b19Ea47004de/ed3cbed610ccb2f5.png,2199,OPPO手机乐良专卖店,1593,https://item.jd.com/68120957597.html,【12期免息+扫地机】OPPOA92s手机双模5G新品120Hz超感屏前置双摄oppoa92s私语白（6GB+128GB）5G全网通【晒单有礼】,30
https://img10.360buyimg.com/n7/jfs/t1/51038/21/11091/74703/5d820098E102656de/3bf99d994cce2c32.jpg,949,vivo官方旗舰店,51948,https://item.jd.com/57167418581.html,【预定至高省100】vivoU3x5000mAh大电池超广角AI三摄4G全网通智能手机深湖蓝4GB64GB,26
https://img10.360buyimg.com/n7/jfs/t1/115432/15/8805/55009/5ed3d3d2E935d47b6/aea10ea104aec4e4.jpg,649,金立手机京东自营旗舰店,214,https://item.jd.com/100006859013.html,金立GioneeK54+128GB曜石黑3700mAh大电池6.53英寸水滴屏全网通4G双卡双待,22
https://img10.360buyimg.com/n7/jfs/t1/126827/23/3745/247757/5ed5147bE9fc812b0/981b776ceb14c312.jpg,7699,拍拍二手官方旗舰店,985,https://item.jd.com/65418380853.html,【二手99新】AppleiPhone11ProMax苹果11ProMax国行原装二手手机暗夜绿色256G全网通,24
https://img10.360buyimg.com/n7/jfs/t1/135321/27/888/247767/5ed35edfEac81099f/5bd0e6a5bd528f84.jpg,3699,魅族京东自营旗舰店,7126,https://item.jd.com/100007043753.html,魅族178GB+128GBAG梦幻独角兽骁龙865旗舰5G手机30W快充6400W后置主摄90Hz屏幕支持NFC游戏手机,26
https://img10.360buyimg.com/n7/jfs/t1/122011/9/3493/237586/5ed22222Ea2f284d3/f9e9841539ffabf7.jpg,588,常开泰达手机专营店,1627,https://item.jd.com/69890626326.html,朵唯X106G+64G游戏拍照智能手机八核水滴大屏人脸指纹识别学生老人安卓全网通4G黑色(6G+64G),78
https://img10.360buyimg.com/n7/jfs/t1/114519/28/8856/120241/5ed3c8d1E4391e335/038d8312c46107f2.jpg,2349,好机汇二手商品专营店,14576,https://item.jd.com/29864659403.html,【二手9成新】苹果8Plus手机AppleiPhone8Plus苹果8P二手手机深空灰64G全网通,29
https://img10.360buyimg.com/n7/jfs/t1/93615/29/17250/110698/5e84d0b3E94538aaa/a13600543152008d.jpg,1098,vivo官方旗舰店,66630,https://item.jd.com/47847154003.html,【至高特惠400】vivoZ5x极点全面屏5000mAh大电池4G全网通智能手机极光色6GB128GB升级版,32
https://img10.360buyimg.com/n7/jfs/t1/120134/23/3640/127517/5ed4a5aeEcb46ad4a/41c01e977a68927f.jpg,899,小辣椒手机京东自营官方旗舰店,103,https://item.jd.com/100013332538.html,小辣椒108+128GB深海蓝4350mAh大电池6.2英寸水滴屏微Q8开全网通4G双卡双待,21
https://img10.360buyimg.com/n7/jfs/t1/112547/4/8923/564813/5ed4ee8dE2114cd39/1ae8d4d550cde0a9.png,2789,万城优品二手手机专营店,15559,https://item.jd.com/26854166406.html,【二手9成新】AppleiPhoneX苹果X二手苹果x手机深空灰64G全网通,26
https://img10.360buyimg.com/n7/jfs/t1/120390/17/3602/162863/5ed37031Ed187b226/637aefaae12049c6.jpg,899,金立手机京东自营旗舰店,119,https://item.jd.com/100007279235.html,金立GioneeK68+128GB梦幻蓝4350mAh大电池6.2英寸水滴屏微Q8开全网通4G双卡双待,19
https://img10.360buyimg.com/n7/jfs/t1/113223/15/8748/151987/5ed3d377E768ddf1c/264c932b66fbb5ac.jpg,3399,掌视界数码旗舰店,545,https://item.jd.com/68372575939.html,华为nova75G手机7号色全网通(8G+256G),32
https://img10.360buyimg.com/n7/jfs/t1/120143/19/1670/94727/5ebe2693E30c56aa0/cfffaeb73a406d08.jpg,3499,realme真我官方旗舰店,928,https://item.jd.com/65684861849.html,realme真我X50Pro双模5G骁龙86565W超快闪充90Hz电竞屏游戏智能手机青苔8GB+128GB5G全网通,48
https://img10.360buyimg.com/n7/jfs/t1/117529/20/7488/125118/5ec4ac91E00670b27/143715d0f00ec36e.jpg,468,关爱心手机通讯旗舰店,0,https://item.jd.com/69574446097.html,关爱心A9S智能手机八核水滴全面屏全网通4G老人学生价大屏游戏人脸指纹解锁双卡双待超长待机红色4+32GB,
https://img10.360buyimg.com/n7/jfs/t1/120352/5/2922/173314/5ecb3e2aE14a72d14/0d1d8f4aed3af445.jpg,1299,掌视界数码旗舰店,1194,https://item.jd.com/55749315746.html,小米Redmi红米Note8Pro手机冰翡翠全网通6GB+128GB,23
https://img10.360buyimg.com/n7/jfs/t1/130486/30/1031/378844/5ed46f94E958c4433/15e549a2f70717ab.jpg,2369,OKSJ手机旗舰店,208,https://item.jd.com/68374152357.html,【12期免息】华为nova7SE5G手机幻夜黑8G+128G,17
https://img10.360buyimg.com/n7/jfs/t1/128539/39/3552/118387/5ed3b532Eb62c0ced/829e81f12a966aa9.jpg,999,佳沪手机旗舰店,11,https://item.jd.com/69818207647.html,小米红米10X手机冰雾白全网通4G+128G,73
https://img10.360buyimg.com/n7/jfs/t1/110361/35/587/72497/5df63675E0fedd007/cff04b2debd1e6d7.jpg,158,飞利浦手机京东自营旗舰店,37026,https://item.jd.com/100010300500.html,飞利浦（PHILIPS）E209老人手机移动/联通按键直板老年机大字大声学生备用功能机宝石蓝,64
https://img10.360buyimg.com/n7/jfs/t1/99978/22/8130/751453/5e030bf1Ecb5779c4/90540fa3e72844ad.png,699,移联翼官方旗舰店,2925,https://item.jd.com/43194945288.html,朵唯D19Pro智能手机八核渐变玻璃6.53英寸水滴全面屏游戏拍照大屏老人学生4G全网通天空之境（6G+64GB）,63
https://img10.360buyimg.com/n7/jfs/t1/129945/29/1040/660403/5ed47823E634067db/798f90a3ef0918b3.png,2376,万城优品二手手机专营店,12264,https://item.jd.com/21064772450.html,【二手9成新】AppleiPhone8Plus苹果8plus二手苹果手机深空灰64G全网通,22
https://img10.360buyimg.com/n7/jfs/t1/89338/35/17099/113022/5e82ec06E4313d982/55e65f438574774e.jpg,3349,茄子手机旗舰店,1081,https://item.jd.com/65777124117.html,腾讯黑鲨游戏手机3双模5G全网通闪电黑(8GB+128GB),32
https://img10.360buyimg.com/n7/jfs/t1/125627/8/3536/411886/5ed3bdf5E02d98a1d/662aaa10de1bffeb.jpg,2669,OKSJ手机旗舰店,5663,https://item.jd.com/67296688084.html,【12期免息】荣耀30S华为5G手机全网通智能手机蝶羽白8G+256G,20
https://img10.360buyimg.com/n7/jfs/t1/110830/5/11339/108955/5ed27a74E0d200929/be2c50074e46df02.jpg,2399,荣耀京东自营旗舰店,16109,https://item.jd.com/100007300009.html,荣耀X105G双模麒麟8204300mAh续航4000万高感光影像系统6.63英寸升降全面屏全网通8GB+128GB竞速蓝,28
https://img10.360buyimg.com/n7/jfs/t1/101417/28/19820/188673/5ea141bfEbc3a808a/a36b4487abf6a1e8.jpg,3298,头号卖家旗舰店,844,https://item.jd.com/69773936964.html,vivoiQOONeo35G旗舰电竞手机iqoo3全网通高通骁龙865144Hz竞速屏夜幕黑（12GB+128G）减300当天发货套餐版,41
https://img10.360buyimg.com/n7/jfs/t1/119754/11/7333/109185/5ed3acbcEf140d6b1/a6969af1d3181d7c.jpg,1098,iQOO官方旗舰店,3071,https://item.jd.com/67349209670.html,【6.2至高省400】vivoZ5x骁龙7105000mAh大电池4G全网通智能手机6GB+128GB极光色【升级版】,27
https://img10.360buyimg.com/n7/jfs/t1/95730/19/13749/104812/5e5cbce1Eeffaaa7f/3fc3ecede56a44dc.jpg,399,小辣椒手机京东自营官方旗舰店,402,https://item.jd.com/100011646754.html,小辣椒T513GB+32GB金色学生老人手机智能商务手机移动联通双4G双卡双待,15
https://img10.360buyimg.com/n7/jfs/t1/97550/8/16397/392168/5e79cf56E618a32d6/c5bc4d676785b0ea.jpg,118,关爱心手机通讯旗舰店,165,https://item.jd.com/67981449228.html,关爱心G1全网通4g老人手机超长待机三防老年手机大屏大音量大字体直板按键学生备用机中国红【电信单卡】,24
https://img10.360buyimg.com/n7/jfs/t1/119754/11/7333/109185/5ed3acbcEf140d6b1/a6969af1d3181d7c.jpg,1098,iQOO官方旗舰店,3071,https://item.jd.com/67349209670.html,【6.2至高省400】vivoZ5x骁龙7105000mAh大电池4G全网通智能手机6GB+128GB极光色【升级版】,27
https://img10.360buyimg.com/n7/jfs/t1/95730/19/13749/104812/5e5cbce1Eeffaaa7f/3fc3ecede56a44dc.jpg,399,小辣椒手机京东自营官方旗舰店,402,https://item.jd.com/100011646754.html,小辣椒T513GB+32GB金色学生老人手机智能商务手机移动联通双4G双卡双待,15
https://img10.360buyimg.com/n7/jfs/t1/97550/8/16397/392168/5e79cf56E618a32d6/c5bc4d676785b0ea.jpg,118,关爱心手机通讯旗舰店,165,https://item.jd.com/67981449228.html,关爱心G1全网通4g老人手机超长待机三防老年手机大屏大音量大字体直板按键学生备用机中国红【电信单卡】,24
https://img10.360buyimg.com/n7/jfs/t1/119142/11/8970/268147/5ed516e6E97c234d0/88f18d89f79ad732.jpg,7999,三星手机京东自营官方旗舰店,9394,https://item.jd.com/100006349791.html,三星GalaxyS20+5G(SM-G9860)双模5G骁龙865120Hz超感屏8K视频游戏手机12GB+128GB幻游黑,34
https://img10.360buyimg.com/n7/jfs/t1/108905/12/12367/138946/5e952935Ea52e2474/e7e6ae23c73ff47f.png,4799,三星二手手机旗舰店,486,https://item.jd.com/66193946747.html,【官方翻新】三星GalaxyNote10+5G手机骁龙855智能SPen双卡双待莫奈彩S版256G,39
https://img10.360buyimg.com/n7/jfs/t1/86271/17/14064/116948/5e5e541fE7c24dd47/ebd916929b4a448b.jpg,5199,茄子手机旗舰店,206,https://item.jd.com/66041918375.html,【大量现货速发】腾讯黑鲨游戏手机3Pro5G游戏手机铠甲灰(12G+256G),25
https://img10.360buyimg.com/n7/jfs/t1/115326/4/6850/144772/5ebe1c15E7723c469/b1c07d9da93eef3e.jpg,2799,茄子手机旗舰店,82,https://item.jd.com/68114022825.html,华为HUAWEInova7SE5G手机幻夜黑全网通(8GB+256GB),62
https://img10.360buyimg.com/n7/jfs/t1/122407/21/1301/61643/5ebb970cEe1402919/60907a80e7af94da.jpg,4488.6,京铠玄手机旗舰店,178,https://item.jd.com/68161031678.html,华为P405G手机亮黑色8+128G全网通,40
https://img10.360buyimg.com/n7/jfs/t1/100541/7/12134/89974/5e427990Ef439d1a0/0cb4e0cbf49074db.jpg,3359,三星二手手机旗舰店,114,https://item.jd.com/66195551959.html,【官方翻新】三星GalaxyNote10智能SPen骁龙8554G手机全网通双卡双待莫奈彩S版256G,35
https://img10.360buyimg.com/n7/jfs/t1/135720/2/441/377547/5ecdc11dE3488e47f/c15d711e9847071e.png,1299,OPPO手机乐良专卖店,8083,https://item.jd.com/59716718431.html,OPPOA11x手机【至高优惠300元+多重好礼】5000mAh大电量oppoa11x/a11A11湖光绿（4G+128G）全网通,29
https://img10.360buyimg.com/n7/jfs/t1/137392/37/718/116179/5ed0866eE262d1ec0/092c5b07e9cc9bff.jpg,1298,vivo京东自营官方旗舰店,314222,https://item.jd.com/100004076537.html,vivoZ56GB+128GB全息幻彩4800万超广角AI三摄手机22.5W快充4500mAh大电池全网通4G手机,30
https://img10.360buyimg.com/n7/jfs/t1/119781/8/7495/148575/5ed4e6eaEcd8881e2/f206b732cc20f671.jpg,5288,克里特KRETA手机官方旗舰店,84,https://item.jd.com/65372263877.html,KRETA克里特高端智能商务手机G25全网通4G双卡双待超长待机人脸指纹解锁手机8+128G小牛皮浅金棕,50
https://img10.360buyimg.com/n7/jfs/t1/124930/16/3434/85457/5ed078bbE67a7b354/8a4bd0d1b4d3ed73.jpg,2399,坚果手机京东自营旗舰店,120707,https://item.jd.com/100005207839.html,锤子(smartisan)坚果Pro38GB+128GB黑色骁龙855PLUS4800万四摄全网通双卡双待全面屏游戏手机,50
https://img10.360buyimg.com/n7/jfs/t1/125780/38/3576/155561/5ed31105Eabbc902c/7abd2e8548a4ce07.jpg,2198,烁影手机旗舰店,0,https://item.jd.com/69190098288.html,vivoiQOOZ1手机5G双模【6.1至高省200】neo855升级版144Hz竞速屏全网通星际银6G+128G,
https://img10.360buyimg.com/n7/jfs/t1/11815/23/13537/75741/5c9c2b3bE852a32b3/76cc528ed54688ed.jpg,299,小辣椒手机京东自营官方旗舰店,28391,https://item.jd.com/7437382.html,小辣椒红辣椒Q112GB+16GB白色5.0英寸大屏特有老人模式移动联通双4G双卡双待,64
https://img10.360buyimg.com/n7/jfs/t1/100346/40/17248/117400/5e855aabEadfc70fb/96008a25e5683225.jpg,888,头号卖家旗舰店,3104,https://item.jd.com/55745179973.html,红米Note8【现货速发下单送多重好礼】小米红米RedmiNote84800万手机梦幻蓝4G+64G,17
https://img10.360buyimg.com/n7/jfs/t1/137196/17/950/457139/5ed3c9edE8999f78b/0f2cdbb55a7816bf.png,3249,疆界互联旗舰店,130,https://item.jd.com/68372370153.html,华为nova75G手机【分期0首付30天价保】7号色8GB+128GB5G全网通+12期分期0首付,48
https://img10.360buyimg.com/n7/jfs/t1/126089/3/2506/103620/5ec674c2E52f77712/18bd621b108fca2b.jpg,2369.9,疆界互联旗舰店,208,https://item.jd.com/68595977647.html,【12期分期0首付】荣耀X105G手机华为竞速蓝8G+128全网通,86
https://img10.360buyimg.com/n7/jfs/t1/106117/9/2984/55768/5ddb6d30Eaf2094a9/5d33f90613c7cddf.jpg,3234,万城优品二手手机专营店,3560,https://item.jd.com/52665584163.html,【二手99新】AppleiPhoneX苹果X二手苹果手机全面屏高清双摄手机深空灰色64G全网通（送全新苹果充电器）,53
https://img10.360buyimg.com/n7/jfs/t1/106523/23/12136/75304/5e43a300E640adcce/55822b63d855a5fc.jpg,599,多亲（QIN）京东自营旗舰店,6491,https://item.jd.com/100008180934.html,多亲（QIN）Qin2AI助手5.05英寸全面屏智能超薄手机备机触屏移动联通4g手机电信Volte铁灰色,25
https://img10.360buyimg.com/n7/jfs/t1/128452/25/3106/101061/5ece134bE62fef577/0d8d5be6bfbb46ad.jpg,1698,vivo官方旗舰店,38800,https://item.jd.com/53646031218.html,【至高省300】vivoZ5高通骁龙712AI三摄4500mAh电池4G全网通智能手机极光幻境8GB128GB,31
https://img10.360buyimg.com/n7/jfs/t1/133699/22/354/147737/5ecc7cb5E6e359681/832854e590bee074.jpg,299,,2701,https://item.jd.com/100013261276.html,康佳KONKAD9智能老人手机蓝色移动全网4G人脸识别学生老年安卓智能手机双卡双待,32
https://img10.360buyimg.com/n7/jfs/t1/129801/30/930/110352/5ed3adb7E64df0f94/e3645fd5bac9f50c.jpg,1298,iQOO官方旗舰店,547,https://item.jd.com/67366285146.html,【6.1至高特惠300】vivoZ5骁龙712AI三摄4500mAh大电池4G全网通智能手机6GB+128GB全息幻彩,19
https://img10.360buyimg.com/n7/jfs/t1/124535/40/3142/577782/5ecf1447E24e95486/46a2e275426e1c74.png,3938,疆界互联旗舰店,3294,https://item.jd.com/65453105506.html,小米105G游戏手机【至高12期分期0首付】钛银黑8G+256G,40
https://img10.360buyimg.com/n7/jfs/t1/123679/14/2312/74350/5ec49e59Eea97c454/312c991c842af839.jpg,1699,掌视界数码旗舰店,0,https://item.jd.com/69571653411.html,华为畅享Z5G手机深海蓝全网通(6G+64G),
https://img10.360buyimg.com/n7/jfs/t1/124535/40/3142/577782/5ecf1447E24e95486/46a2e275426e1c74.png,3938,疆界互联旗舰店,3294,https://item.jd.com/65453105506.html,小米105G游戏手机【至高12期分期0首付】钛银黑8G+256G,40
https://img10.360buyimg.com/n7/jfs/t1/123679/14/2312/74350/5ec49e59Eea97c454/312c991c842af839.jpg,1699,掌视界数码旗舰店,0,https://item.jd.com/69571653411.html,华为畅享Z5G手机深海蓝全网通(6G+64G),
https://img10.360buyimg.com/n7/jfs/t1/97354/10/13578/579319/5e587139Ec7936dbb/b4b39e3d2e3ea20b.png,2198,vivo官方旗舰店,6116,https://item.jd.com/65853061074.html,【至高特惠300】vivoZ6双模5G全网通44W闪充5000mAh大电池全场景四摄手机6GB+128GB冰川纪,29
https://img10.360buyimg.com/n7/jfs/t1/123173/12/2866/103239/5ecb38e6Eb6f382b6/37077ca291027b5b.jpg,2199,佳沪手机旗舰店,0,https://item.jd.com/69494394084.html,华为畅享Z5G手机幻夜黑全网通5G(8GB+128GB),
https://img10.360buyimg.com/n7/jfs/t1/98512/35/17051/28154/5e83050dE86c4b966/9e4b8b2dc50f0a33.jpg,3299,三星二手手机专卖店,315,https://item.jd.com/54282419816.html,【官方翻新】三星（SAMSUNG）Galaxy三星S10三星手机二手手机炭晶黑7D版128G+全网通,33
https://img10.360buyimg.com/n7/jfs/t1/131431/32/778/144256/5ed1129cE2605b68a/3919adc74caa79df.jpg,3698,iQOO京东官方自营旗舰店,43075,https://item.jd.com/100006305707.html,vivoiQOO35G12GB+128GB驭影黑高通骁龙86555W超快闪充专业电竞游戏体验手机双模5G全网通手机,34
https://img10.360buyimg.com/n7/jfs/t1/137329/22/929/138589/5ed3a48eEb08a8127/0a465fa24350d9e0.jpg,8999,克里特KRETA手机官方旗舰店,374,https://item.jd.com/61152770896.html,KRETA克里特高端轻奢智能商务手机双卡双待4G全网通双系统安全加密AI私人助理定制手机钻石版鳄鱼纹黑色,85
https://img10.360buyimg.com/n7/jfs/t1/134040/10/960/269422/5ed38a59E5d342b91/3880900d9f6dcde7.jpg,3599,黑鲨京东自营官方旗舰店,53555,https://item.jd.com/100011242550.html,腾讯黑鲨游戏手机312GB+128GB闪电黑骁龙86565W极速闪充270Hz触控采样率游戏语音操控双模5G全网通,29
https://img10.360buyimg.com/n7/jfs/t1/129273/1/3361/237468/5ed0b00bE497e0648/3c4762b45a3a856b.jpg,598,常开泰达手机专营店,0,https://item.jd.com/69932669954.html,【一年只换不修】康佳K30智能老人手机移动联通电信4G人脸识别老人系统学生老年安卓双卡双待黑色+赠品套装二,
https://img10.360buyimg.com/n7/jfs/t1/130345/8/878/34745/5ed36645E5f3e41bd/6282a2a1af4457af.jpg,2699,OPPO京东自营官方旗舰店,32648,https://item.jd.com/100011263192.html,OPPOReno3元气版双模5G4800万超清四摄视频双防抖7.96mm纤薄机身8GB+128GB天镜白游戏视频手机,28
https://img10.360buyimg.com/n7/jfs/t1/82036/22/13498/149734/5dad527fEa043a97e/4d98cb6145d6178c.jpg,599,多亲（QIN）京东自营旗舰店,13747,https://item.jd.com/100009414592.html,多亲（QIN）Qin2Pro助手2+32g5.05英寸全面屏智能超薄手机备机触屏移动联通4g手机电信Volte瓷白色,25
https://img10.360buyimg.com/n7/jfs/t1/115345/34/2328/26993/5ea14785Ed8593e39/bf0b8d56e6cc3aa3.jpg,1699,海信手机京东自营旗舰店,1027,https://item.jd.com/100012545746.html,海信(Hisense)彩墨屏阅读手机A5C5.84英寸彩色水墨屏墨水屏电纸书阅读器4GB+64GB(墨玉黑)全网通4G,19
https://img10.360buyimg.com/n7/jfs/t1/133690/28/683/223552/5ed0c2aeE26b5522f/33aad207c5cb6990.jpg,1189,明日数码旗舰店,2096,https://item.jd.com/67648940000.html,荣耀Play4T华为手机【30天价保】蓝水翡翠全网通(6G+128G),28
https://img10.360buyimg.com/n7/jfs/t1/133632/33/259/87481/5ecb4bffE48ae31b2/34cd9f830d2b440d.jpg,1999,淘金手机专营店,95,https://item.jd.com/64201937332.html,华为nova6se手机绮境森林4G全网通[8GB+128GB],40
https://img10.360buyimg.com/n7/jfs/t1/38774/4/3966/239532/5cc70523E095c64ff/de58e14bf27ff26c.jpg,188,飞利浦手机京东自营旗舰店,373146,https://item.jd.com/6305258.html,飞利浦（PHILIPS）E171L曜石黑直板按键移动联通老人手机超长待机老年备用功能机,59
https://img10.360buyimg.com/n7/jfs/t1/124421/22/3648/155130/5ed4d94fEc3a00fee/023435ea83816e3c.jpg,2498,京域手机旗舰店,4630,https://item.jd.com/59411346308.html,vivoiQOOZ1手机5G双模【至高省200】144Hz竞速屏neo855升级版全网通太空蓝【套装版】8GB+128GB,34
https://img10.360buyimg.com/n7/jfs/t1/121907/13/3535/197645/5ed36ecbEbdddda4e/a955db75f5025d32.jpg,659,小辣椒手机京东自营官方旗舰店,1735,https://item.jd.com/100006859009.html,小辣椒红辣椒8XMax6+128GB深海蓝3700mAh大电池6.53英寸水滴屏全网通4G双卡双待,33
https://img10.360buyimg.com/n7/jfs/t1/101947/21/18414/160604/5e95836aEecb9441b/b35f27119e774004.jpg,1098,炜东电商旗舰店,23,https://item.jd.com/69182684647.html,【至高优惠400】vivoZ5x712版手机骁龙712处理器极点屏手机5000mAh极光色6GB+128GB712版,35
https://img10.360buyimg.com/n7/jfs/t1/112977/40/8792/245264/5ed4a4a6E435bc158/a209697ad3d7f1f3.jpg,1998,中兴京东自营官方旗舰店,0,https://item.jd.com/100013174758.html,中兴（ZTE）天机AXON11SE5G手机,
https://img10.360buyimg.com/n7/jfs/t1/128677/33/3200/474512/5ecde7d3Eab8d226c/f6471a0c8edc1c5a.png,3088,新松联手机旗舰店,2022,https://item.jd.com/45104789991.html,华为p30手机天空之境全网通（8GB+128GB）,27
https://img10.360buyimg.com/n7/jfs/t1/111079/24/8979/356726/5ed37f99Ee95d614f/1e073144f29cb360.png,1699,OPPO手机乐良专卖店,11313,https://item.jd.com/57520292036.html,低至1499元!OPPOK5手机【优惠400元+碎屏险】30WVOOC闪充超清四摄oppok5极地阳光（6G+128G）全网通,36
https://img10.360buyimg.com/n7/jfs/t1/108505/10/19809/208145/5ed0b3e2E4dd9247f/607a70155639f558.jpg,1399,掌视界数码旗舰店,3588,https://item.jd.com/59629435629.html,华为nova5z手机翡冷翠全网通(6G+64G),21
https://img10.360buyimg.com/n7/jfs/t1/113066/28/8796/146606/5ed3dcadE17f4a4d1/a3d42c3a87df83f7.jpg,2198,iQOO兰珊专卖店,0,https://item.jd.com/68228770270.html,vivoiQOOZ1手机5G双模【领券至高省200】天玑1000Plus芯片游戏手机星河银6+128GB全网通,
https://img10.360buyimg.com/n7/jfs/t1/118774/23/8582/136592/5ed11572E0aa3ea0f/8e388bf75e6997d6.jpg,2198,iQOO京东官方自营旗舰店,772,https://item.jd.com/100007166159.html,vivoiQOOZ15G6GB+128GB太空蓝天玑1000Plus旗舰芯片144Hz竞速屏44W超快闪充双模5G全网通手机,95
https://img10.360buyimg.com/n7/jfs/t1/128296/32/3746/484983/5ed5238dE812421d7/37c08152be9c16b5.png,2369.9,疆界互联旗舰店,3144,https://item.jd.com/65930404731.html,【24期分期0首付可选】荣耀30s华为5g手机蝶羽翠8G+128G全网通,40
https://img10.360buyimg.com/n7/jfs/t1/124646/25/3181/121471/5ece2e7bEb18f2ae4/12ed558d15edecfb.jpg,2599,明日数码旗舰店,0,https://item.jd.com/69829284780.html,小米Redmi红米10XPro5G手机凝夜紫8GB+256GB,
https://img10.360buyimg.com/n7/jfs/t1/106564/1/10560/253352/5e1b3adcE5ee53dd1/2b43558917dd4e63.jpg,569,广中达官方旗舰店,20984,https://item.jd.com/45850490644.html,新款4G+64G大内存6.1英寸水滴大屏小辣椒9e安卓智能手机全网通4G学生价超薄指纹游戏渐变黑4G+64G,25
https://img10.360buyimg.com/n7/jfs/t1/118974/11/8696/170376/5ed21409E654bf39c/02f05edb4db13c78.jpg,3999,掌视界数码旗舰店,207,https://item.jd.com/68075113167.html,荣耀30Pro5G版华为手机钛空银（8G+128G）,29
https://img10.360buyimg.com/n7/jfs/t1/121635/31/3546/40712/5ed36aa4Edfd7da45/7777f3232ae8f7d9.jpg,3799,OPPO官方直营旗舰店,1423,https://item.jd.com/67477009060.html,【24期免息】OPPOAce2双模5G高通骁龙86540WAirVOOC无线闪充全面屏游戏手机月岩灰8GB+128GB5G官方标配,33
https://img10.360buyimg.com/n7/jfs/t1/120839/29/3695/86225/5ed4f478E8c8365b3/3303aadbb282e0b7.jpg,3498,vivo官方旗舰店,0,https://item.jd.com/69114953790.html,vivoX50专业影像旗舰拍照游戏全面屏大电池旗舰新品双模5G智能手机6月1日发布会8GB+128GB液氧,
https://img10.360buyimg.com/n7/jfs/t1/128026/5/3151/117248/5ece25eaE8e96eab5/39adad90b0a92213.jpg,2668,淘金手机专营店,424,https://item.jd.com/66612317203.html,小米Redmi红米K30Pro5G手机(可选变焦版)月幕白标准版全网通(6G+128G),59
https://img10.360buyimg.com/n7/jfs/t1/131480/31/925/496370/5ed371eaE8d9938e4/7a32b6381e77f6f4.png,2699,OPPO手机乐良专卖店,1294,https://item.jd.com/65711770775.html,【24期免息+直降300】OPPOReno3元气版5G手机8G+128G4800W超清四摄日出印象（8G+128G）5G全网通,33
https://img10.360buyimg.com/n7/jfs/t1/115100/8/8871/281336/5ed4ce73Eb38c67c0/b87d143a007a4514.jpg,2498,京域手机旗舰店,0,https://item.jd.com/69160140318.html,vivoiQOOZ1手机5G双模【至高省200】neo855升级版144Hz竞速屏全网通星河银-套装版8GB+128GB,
https://img10.360buyimg.com/n7/jfs/t1/101178/6/13669/142007/5e58754bEcda6cb39/145bf2d648bfbcfb.jpg,3999,千瑞达手机旗舰店,937,https://item.jd.com/58678450053.html,【12期免息立减100】华为mate30（5g/4g版本可选）手机全网通翡冷翠8GB+128GB(4G版）(12期免息）,33
https://img10.360buyimg.com/n7/jfs/t1/135070/38/555/784377/5ecf4c60Eb8e020dc/40730ddcff857ff0.png,9999,头号卖家旗舰店,0,https://item.jd.com/69621245642.html,【预约抽奖赢免单】OPPOReno4Pro新品5G超清夜景视频智能手机opporeno4pro晶钻红8GB+128GB5G全网通官方标配,
https://img10.360buyimg.com/n7/jfs/t1/50542/33/11349/53051/5d834a97E3d2847e4/e8315c2693da9fd0.jpg,4599,马上优品二手商品旗舰店,362,https://item.jd.com/57240787745.html,【二手99新】AppleiPhone11苹果11双卡双待二手手机紫色128G全网通,39
https://img10.360buyimg.com/n7/jfs/t1/106209/22/16145/77773/5e79a198Ebc8e760e/28f381a519fc8fa7.jpg,799,多亲（QIN）京东自营旗舰店,854,https://item.jd.com/100011582242.html,多亲（QIN）Qin2Pro助手2+64g5.05英寸全面屏智能超薄手机备机触屏移动联通4g手机电信Volte铁灰色,24
https://img10.360buyimg.com/n7/jfs/t1/119505/26/6969/306489/5ecdc88fE28748b8a/99e3ad0b8f8a0069.png,2699,OPPO手机乐良专卖店,5281,https://item.jd.com/57521830334.html,【6期免息+优惠1000】OPPORenoAce手机65W超闪充opporenoaceRenoAce电音紫8GB+128GB全网通,42
https://img10.360buyimg.com/n7/jfs/t1/131809/25/958/198567/5ed4c538E3d0bb5c2/96e70d4fa8cef15e.jpg,3199,掌视界数码旗舰店,219,https://item.jd.com/68073699439.html,荣耀305G版华为手机钛空银（8G+128G）,37
https://img10.360buyimg.com/n7/jfs/t1/137446/33/617/814484/5ecf834aEf210b9ab/9ee8eb963bd2effa.png,9999,OPPO手机乐良专卖店,0,https://item.jd.com/69726070482.html,OPPOReno4Pro5G视频手机晶钻蓝(8G+128G)全网通,
https://img10.360buyimg.com/n7/jfs/t1/107386/3/9288/84340/5e731aeaE5da7ff07/2b31b01939526224.jpg,12999,OPPO京东自营官方旗舰店,322,https://item.jd.com/100006572499.html,OPPOFindX2Pro兰博基尼版3K分辨率120Hz多焦段影像系统骁龙86565w闪充12GB+512GB碳纤黑双模5G手机,33
https://img10.360buyimg.com/n7/jfs/t1/118957/9/9026/217006/5ed4ce73E3c2444ef/2b3775b09ccedb15.jpg,949,京域手机旗舰店,11361,https://item.jd.com/57269666818.html,vivoU3x手机骁龙665闪充大电量强劲续航游戏美颜拍照U1升级款智能学生千元机4G全网通赤茶红4GB64GB,27
https://img10.360buyimg.com/n7/jfs/t1/123243/16/3625/46202/5ed3959aEa99413a2/a9229329a3ddb1e7.jpg,4999,OPPO京东自营官方旗舰店,8203,https://item.jd.com/100011386594.html,OPPOFindX2超感官旗舰3K分辨率120Hz超感屏多焦段影像系统骁龙86565w闪充8GB+128GB碧波双模5G手机,36
https://img10.360buyimg.com/n7/jfs/t1/116555/25/8856/47933/5ed35b8dE76328f31/0b7de0588dc9fbfc.jpg,2199,OPPO京东自营官方旗舰店,8785,https://item.jd.com/100012717854.html,OPPOA92s120Hz畅感屏前置双摄夜景自拍侧边指纹6GB+128GB私语白双模5G全面屏拍照智能手机,20
https://img10.360buyimg.com/n7/jfs/t1/127917/31/2542/370111/5ec64747E6e14be1a/7a44a9ca8b803cd6.jpg,2658,OKSJ手机旗舰店,952,https://item.jd.com/63292508371.html,华为nova6手机全网通5G手机普罗旺斯5G版8G+128,26
https://img10.360buyimg.com/n7/jfs/t1/106830/33/11898/322271/5e42bbe7E332a28f6/04eaca14e21f15df.jpg,499,移联翼官方旗舰店,16968,https://item.jd.com/61425647978.html,朵唯（DOOV）A55刘海全面屏拍照游戏手机全网通4G学生老人智能超薄指纹双卡双待星幻紫全网通(4GB+32GB)标配版,23
https://img10.360buyimg.com/n7/jfs/t1/96101/36/19398/284497/5ea1044cEcbe438b0/c42758937c5843f4.jpg,469,浩宇轩扬手机专营店,1905,https://item.jd.com/67752556653.html,小辣椒X9全网通4G老人机指纹一体超长待机双卡双待老人学生游戏智能手机渐变红3+32GB,16
https://img10.360buyimg.com/n7/jfs/t1/132070/23/946/43587/5ed3eb8aE7d12f49c/949c94ba6952a1f4.jpg,999,小米京东自营旗舰店,6551,https://item.jd.com/100007252923.html,Redmi10X4GHelioG85游戏芯4800万超清四摄5020mAh大电量小孔全面屏128GB大存储4GB+128GB天际蓝游戏智能手机小米红米,40
https://img10.360buyimg.com/n7/jfs/t1/78458/14/5105/109636/5d351a54E81157f13/3d01af41d3547fd8.jpg,399,多亲官方旗舰店,25716,https://item.jd.com/42828678308.html,小米多亲备机老人机双卡双待4g全网通老人手机机,33
https://img10.360buyimg.com/n7/jfs/t1/120679/30/3430/40043/5ed1370eEc8fd81c3/22cdc42d58f302c0.jpg,99999,OPPO京东自营官方旗舰店,0,https://item.jd.com/100007357987.html,OPPOReno4系列晶钻蓝12GB+256GB5G旗舰手机超清夜景视频拍出新夜色【0元预约抽好礼】,
https://img10.360buyimg.com/n7/jfs/t1/78458/14/5105/109636/5d351a54E81157f13/3d01af41d3547fd8.jpg,399,多亲官方旗舰店,25716,https://item.jd.com/42828678308.html,小米多亲备机老人机双卡双待4g全网通老人手机机,33
https://img10.360buyimg.com/n7/jfs/t1/120679/30/3430/40043/5ed1370eEc8fd81c3/22cdc42d58f302c0.jpg,99999,OPPO京东自营官方旗舰店,0,https://item.jd.com/100007357987.html,OPPOReno4系列晶钻蓝12GB+256GB5G旗舰手机超清夜景视频拍出新夜色【0元预约抽好礼】,
https://img10.360buyimg.com/n7/jfs/t1/112539/35/9012/32578/5ed4eee8Ed0ab9dd9/2987628ff68ca069.jpg,6999,OPPO京东自营官方旗舰店,8992,https://item.jd.com/100013407898.html,OPPOFindX2Pro超感官旗舰3K分辨率120Hz骁龙86565w闪充12GB+256GB竹青治愈绿双模5G手机,40
https://img10.360buyimg.com/n7/jfs/t1/114070/39/8834/129317/5ed3da70Ec53a0343/b707c3753719a729.jpg,2698,vivo官方旗舰店,1767,https://item.jd.com/66724518212.html,【耳机套装】vivoS65G手机3200万超清夜景自拍4500mAh电池双模5G全网通手机8GB+128GB天鹅湖,27
https://img10.360buyimg.com/n7/jfs/t1/124891/26/3689/161524/5ed477cdEeda4251f/e72cd74d97d2bc84.jpg,2399,茄子手机旗舰店,1754,https://item.jd.com/66268813337.html,【12期免息】荣耀30S华为5G双模手机幻夜黑全网通(8GB+128GB),40
https://img10.360buyimg.com/n7/jfs/t1/114976/40/2547/131072/5ea25733Ece19a968/a444fb4719f102ea.jpg,2938,淘金手机专营店,636,https://item.jd.com/68100521501.html,Apple苹果iPhoneSE手机白色全网通(64G),33
https://img10.360buyimg.com/n7/jfs/t1/124977/18/3729/604419/5ed52335Ea9a8100d/7fbdcbab5c8b75a4.png,3169,疆界互联旗舰店,77,https://item.jd.com/67223218732.html,【24期分期0首付可选】荣耀30华为5g手机钛空银8G+128G全网通,52
https://img10.360buyimg.com/n7/jfs/t1/111522/26/8807/89707/5ed27eb3E10901da7/5f6dcae5644d2e0a.jpg,3999,荣耀京东自营旗舰店,44857,https://item.jd.com/100012545868.html,荣耀30Pro50倍远摄麒麟9905G4000万超感光摄影3200W美颜自拍全网通版8GB+128GB钛空银全面屏手机,34
https://img10.360buyimg.com/n7/jfs/t1/134206/22/877/102760/5ed2a0f3E584ec48a/b4b27ae7b62eb6ec.jpg,3299,荣耀京东自营旗舰店,161415,https://item.jd.com/100010260254.html,荣耀V30PRODXO122分5G双模麒麟9905GSOC芯片双超级快充游戏手机8GB+128GB冰岛幻境双卡双待,31
https://img10.360buyimg.com/n7/jfs/t1/116066/8/8809/232623/5ed396e8E81156ad0/3b97f5287c9c6d90.jpg,1149,OPPO京东自营官方旗舰店,101804,https://item.jd.com/100011588604.html,OPPOA115000mAh大电池AI四摄视频防抖4GB+64GB流云白全网通4G全面屏拍照游戏智能手机,23
https://img10.360buyimg.com/n7/jfs/t1/125581/4/3571/548957/5ed39038Ef611468b/ff626a6dbd03c4ff.png,6999,OPPO官方直营旗舰店,684,https://item.jd.com/66499631905.html,【24期免息】OPPOFindX2Pro超感官旗舰3K分辨率120Hz骁龙865双模5G手机闪充雅灰（素皮）12GB+256GB5G全网通,43
https://img10.360buyimg.com/n7/jfs/t1/123130/15/3609/226674/5ed3b042E4e6a4b1d/9fb11cac17e50177.jpg,1098,iQOO智美专卖店,0,https://item.jd.com/68340735870.html,vivoZ5x手机【至高省400】极点屏大电量18W闪充大英寸屏幕三摄拍照美颜游戏手机4G全网通极光色6GB+64GB,
https://img10.360buyimg.com/n7/jfs/t1/125073/12/2777/730664/5ec9cf4cE58effd75/b8e43502b25f5eed.png,9999,疆界互联旗舰店,0,https://item.jd.com/69262124501.html,荣耀Play4Pro华为手机官方标配,
https://img10.360buyimg.com/n7/jfs/t1/112875/28/8936/206008/5ed47852E62183397/4814208559f2c0c8.jpg,3999,聚捷联盛手机旗舰店,1142,https://item.jd.com/56921498827.html,华为mate30手机全网通亮黑色4G版（8G+128G）,39
https://img10.360buyimg.com/n7/jfs/t1/118091/11/8848/574006/5ed38f99E63a75910/163b5cf170414147.png,4999,OPPO官方直营旗舰店,473,https://item.jd.com/65787063961.html,【24期免息】OPPOFindX2超感官旗舰3K分辨率120Hz超感屏骁龙865双模5G手机碧波（玻璃）8GB+128GB5G全网通【官方标配】,36
https://img10.360buyimg.com/n7/jfs/t1/117627/25/8977/104900/5ed4e7f1E3d946d71/aae1e4bbce9b6e0d.jpg,4849,头号卖家旗舰店,605,https://item.jd.com/65577762428.html,小米10Pro双模5G手机【下单送豪礼】骁龙865新品游戏手机小米10pro双卡双待1星空蓝8GB+256GB超值套餐（送扫地机+蓝牙）,38
https://img10.360buyimg.com/n7/jfs/t1/95842/6/16830/107163/5e7f0effE15f348b8/a87d9ac997146247.jpg,4658,淘金手机专营店,8080,https://item.jd.com/56902393033.html,Apple苹果iPhone11移动联通电信4G手机双卡双待绿色全网通(64GB),34
https://img10.360buyimg.com/n7/jfs/t1/119127/33/5746/188335/5eb57190Effe6ca1b/5ca7fc46020e580e.jpg,579,广中达官方旗舰店,3281,https://item.jd.com/69093467056.html,新款八核小辣椒Mate30Max全网通4G指纹一体游戏吃鸡学生美颜超薄6.26水滴大屏QQ微信8开墨绿色4G+64G,17
https://img10.360buyimg.com/n7/jfs/t1/135909/31/1054/239990/5ed509dbE6e9dd355/318011005ff76aef.jpg,4298,vivo京东自营官方旗舰店,0,https://item.jd.com/100007221865.html,vivoX50Pro5G手机8+128GB液氧微云台超感光主摄60倍变焦90Hz轻薄曲面屏双模5G全网通手机,
https://img10.360buyimg.com/n7/jfs/t1/126257/35/2784/106894/5ec9db43E349d0a87/903389e39534f79a.jpg,4999,茄子手机旗舰店,40,https://item.jd.com/67558145775.html,【12期免息】荣耀30Pro+5G华为手机幻夜黑全网通(8GB+256GB),40
https://img10.360buyimg.com/n7/jfs/t1/122766/23/2770/120331/5ec8e561Eaf0a4308/31b1ff4ab26e6223.jpg,999.6,华耀瑞隆手机旗舰店,142,https://item.jd.com/62533548385.html,【京东/顺丰物流】华为（HUAWEI）荣耀20青春版手机全网通蝶羽外观蓝水翡翠全网通4GB+64GB,25
https://img10.360buyimg.com/n7/jfs/t1/124665/1/3626/233757/5ed3c368E7f14acfe/27f8987c407d40a6.jpg,4099,马上优品二手商品旗舰店,302,https://item.jd.com/53433364148.html,【二手99新】AppleiPhoneXS苹果xsx二手手机金色256G全网通,41
https://img10.360buyimg.com/n7/jfs/t1/131412/33/1012/142301/5ed477bdE5fda2614/976aca4cae85fc19.jpg,4799,天翼电信旗舰店,199,https://item.jd.com/66006044817.html,小米10Pro双模5G游戏手机【直降500+至高白条6期免息0首付+赠高价值豪华礼包】星空蓝全网通8GB+256GB,37
https://img10.360buyimg.com/n7/jfs/t1/122704/10/3540/93590/5ed376f8Ef01773bd/b5ca1ab327f9f448.jpg,3199,荣耀京东自营旗舰店,44341,https://item.jd.com/100012545832.html,荣耀3050倍远摄麒麟9855G4000万超广角AI四摄3200W美颜自拍全网通版8GB+128GB钛空银全面屏手机,30
https://img10.360buyimg.com/n7/jfs/t1/84633/19/2839/91714/5d0c89d3E71b5556d/645f76dd8484de6f.jpg,648,小辣椒手机京东自营官方旗舰店,18395,https://item.jd.com/100005792798.html,小辣椒红辣椒8XPro6GB+128GB极光蓝6.2英寸水滴屏微信8开人脸识别游戏手机全网通4G双卡双待,27
https://img10.360buyimg.com/n7/jfs/t1/124689/40/2336/137250/5ec4f65dEedefa9a6/5ee44de227b1d706.jpg,2399,淘金手机专营店,581,https://item.jd.com/67009500111.html,荣耀30s华为5G手机蝶羽翠全网通(8G+128G),69
https://img10.360buyimg.com/n7/jfs/t1/118024/2/5418/487100/5eb3e769E1566e455/8d39a6859f76bcd8.png,3399.8,华耀瑞隆手机旗舰店,0,https://item.jd.com/68656870868.html,【年中钜惠】华为（HUAWEI)nova6手机全网通前置双魅眼摄像麒麟990苏音蓝5G(8GB+256GB),
https://img10.360buyimg.com/n7/jfs/t1/119271/11/5742/360231/5eb52d0aE8f4dec59/a15c835aa9bb5b31.png,2789.6,华耀瑞隆手机旗舰店,0,https://item.jd.com/68954378252.html,【京东/顺丰物流】小米10青春版手机双模5G50倍变焦四摄【15天价保】黑巧风暴8GB+256GB,
https://img10.360buyimg.com/n7/jfs/t1/135744/6/885/171388/5ed33234E7dc1b7d9/3bec7e4a2e1ffbdd.jpg,4599,OPPO墨白专卖店,188,https://item.jd.com/67465665859.html,【至高降400+24期免息】OPPOAce25G新品手机骁龙86565W超级闪充oppoace2月岩灰（12GB+256GB）【晒单有礼】5G全网通【官方标配】,52
https://img10.360buyimg.com/n7/jfs/t1/119259/35/4193/125832/5eac1ff7E081e6d6a/257c731bf4470922.jpg,2398,中兴京东自营官方旗舰店,1928,https://item.jd.com/100004016571.html,中兴ZTE天机Axon11轻薄AMOLED双曲面屏6GB+128GB镭射黑6400万四摄视频防抖骁龙765G游戏拍照双模5G手机,35
https://img10.360buyimg.com/n7/jfs/t1/111750/9/8547/160297/5ed0b272Eadcf6fdc/b2a9cc0fd7d7a936.jpg,1239,千机网旗舰店,47,https://item.jd.com/66025175559.html,荣耀9X麒麟8104000mAh续航4800万超清夜拍6.59英寸升降全面屏魅焰红全网通4+64GB,32
https://img10.360buyimg.com/n7/jfs/t1/121356/34/3255/524585/5ecf174aE0534c38b/349fd62cae3bb322.png,999,经典二手商品专营店,25465,https://item.jd.com/28001407376.html,【二手9成新】AppleiPhone6sPlus苹果6sPlus二手手机5.5英寸拍拍二手玫瑰金32G全网通,42
https://img10.360buyimg.com/n7/jfs/t1/112385/28/4069/63421/5eab8339E4accc577/da7f127da96ab15b.jpg,3299.3,华耀瑞隆手机旗舰店,0,https://item.jd.com/68767290255.html,【年中钜惠】华为（HUAWEI）nova7手机5G6400万四摄像头白条多期免息7号色8GB+256GB,
https://img10.360buyimg.com/n7/jfs/t1/122188/13/3708/523921/5ed3db71E277f66b1/9cf5d47154bd0b6a.png,4488,疆界互联旗舰店,726,https://item.jd.com/66840620389.html,华为p405G手机【当天发货|原装壕礼|30天价保】亮黑色5G全网通8G+128G,36
https://img10.360buyimg.com/n7/jfs/t1/137118/36/441/134899/5ecdcd6aE76fbcc70/e83e5c8449f6fe16.jpg,1069,掌视界数码旗舰店,2840,https://item.jd.com/65963361356.html,华为畅享10e手机翡冷翠全网通(4G+128G),15
https://img10.360buyimg.com/n7/jfs/t1/130063/34/931/285481/5ed3c027E8314deba/d804fa9ad220c478.jpg,6999,掌视界数码旗舰店,61,https://item.jd.com/65636987608.html,【12期免息+立减300】三星GalaxyS205G拍照游戏手机遐想灰（12GB+128GB）,41
https://img10.360buyimg.com/n7/jfs/t1/125409/38/2916/35539/5ecb27ecEc34f8c2f/bce14bde11a06679.jpg,9999,OPPO官方直营旗舰店,0,https://item.jd.com/69703569905.html,OPPOReno4Pro丨5G新品抢先预约5G超强夜景视频手机闪亮登场超高颜值【预约赢新机】晶钻蓝8GB+128GB官方标配,
https://img10.360buyimg.com/n7/jfs/t1/127757/5/3506/223627/5ed2479bEef60c871/943d0ff6dfe083a6.jpg,1189,疆界互联旗舰店,771,https://item.jd.com/67411915138.html,【12期分期0首付可选】荣耀Play4T华为手机幻夜黑6GB+128GB全网通,16
https://img10.360buyimg.com/n7/jfs/t1/92127/1/9238/524764/5e0da0bfE68d6ea64/110acdd2a675ee1e.jpg,799,朵唯手机京东自营旗舰店,9751,https://item.jd.com/100010877222.html,【超级新品6+128GB】八核水滴大屏智能手机人脸指纹解锁,27
https://img10.360buyimg.com/n7/jfs/t1/61681/24/14683/80451/5dc12ef7E323b368b/04ef3c18bc257b16.jpg,465,众盛手机专营店,2805,https://item.jd.com/30063327300.html,华为（HUAWEI）畅享8e青春版全面屏全网通版移动联通电信4G手机双卡双待黑色(2GRAM+32GROM),27
https://img10.360buyimg.com/n7/jfs/t1/112897/9/5418/422121/5eb3e53dE5ab9ec0b/eba553d224394bc6.png,4399.3,华耀瑞隆手机旗舰店,1,https://item.jd.com/68907513793.html,【顺丰当日发豪礼】华为（HUAWEI）荣耀30Pro手机5G50倍远摄白条多期免息幻夜黑全网通（8GB256GB）,100
https://img10.360buyimg.com/n7/jfs/t1/129272/26/2935/161423/5ecb80ceEa440d151/a4b5a1b740e493a8.jpg,3699,淘金手机专营店,43,https://item.jd.com/68112910455.html,华为nova7pro5G手机亮黑色全网通(8G+128G),86
https://img10.360buyimg.com/n7/jfs/t1/97300/16/4440/242652/5de73b16E11d078fb/55ace6b97cd7aa4d.jpg,2558,淘金手机专营店,235,https://item.jd.com/60787290506.html,华为nova65G手机（4G可选）8+128GB苏音蓝(5G版),66
https://img10.360buyimg.com/n7/jfs/t1/125453/7/3110/123081/5ecebfccE61c7088e/38b2f3dce125e110.jpg,988,宏润优品二手商品专营店,418,https://item.jd.com/41636456494.html,【二手9成新】苹果7AppleiPhone7二手手机国行公开版磨砂黑32G全网通,18
https://img10.360buyimg.com/n7/jfs/t1/113897/24/5307/419286/5eb3e673E4d21c7ee/ec8636f71f7ed2b1.png,3399,华耀瑞隆手机旗舰店,0,https://item.jd.com/68732644860.html,【顺丰当日发】华为(HUAWEI)荣耀30手机5G50倍远摄白条多期免息钛空银全网通（8GB256GB）,
https://img10.360buyimg.com/n7/jfs/t1/129098/5/3552/95679/5ed28ef5E7e3db1aa/56fcf60a46eaab60.jpg,2399,荣耀京东自营旗舰店,126575,https://item.jd.com/100012309040.html,荣耀30S麒麟8205G芯片3倍光学变焦20倍数字变焦全网通版8GB+128GB蝶羽白,28
https://img10.360buyimg.com/n7/jfs/t1/124376/29/182/129646/5eb3cf8bEe9e467b8/1e3476383d8d1474.jpg,655,淘金手机专营店,6705,https://item.jd.com/59135012554.html,小米红米Redmi8A手机深海蓝(4GB+64GB),20
https://img10.360buyimg.com/n7/jfs/t1/137420/3/605/133948/5ecfaad6E386acb58/f002f9bc306dec41.jpg,858,淘金手机专营店,8455,https://item.jd.com/62056628627.html,小米红米Redminote8手机星云紫全网通(4GB+64GB),21
https://img10.360buyimg.com/n7/jfs/t1/119285/6/8736/100507/5ed4fdb9E3ea20853/7c302884e7afd8d2.jpg,1199,荣耀京东自营旗舰店,129557,https://item.jd.com/100012253152.html,荣耀Play4T全网通6GB+128GB大内存蓝水翡翠4000mAh大电池4800万AI摄影6.3英寸魅眼屏,17
https://img10.360buyimg.com/n7/jfs/t1/133882/6/997/99013/5ed4be76E03f399e9/e66608dbcf6b90fa.jpg,5158,新松联手机旗舰店,30875,https://item.jd.com/57800388970.html,苹果iPhone11手机白色全网通128G,27
https://img10.360buyimg.com/n7/jfs/t1/134426/4/951/152637/5ed3d37cE29b32bde/71be6a13a5db0896.jpg,3699,掌视界数码旗舰店,365,https://item.jd.com/68373012742.html,华为nova7Pro5G手机7号色全网通(8G+128G),27
https://img10.360buyimg.com/n7/jfs/t1/121408/30/3583/285657/5ed3bd7bE505c3ba3/83e83af8ed8edc47.jpg,7999,掌视界数码旗舰店,27,https://item.jd.com/65962899538.html,【12期免息+立减300】三星GalaxyS20+5G拍照游戏手机幻游黑（12GB+128GB）,41
https://img10.360buyimg.com/n7/jfs/t1/120395/39/794/115503/5eb7ad28E56ac3c03/01c2b2367c133b4d.jpg,3958,鹏瑶旗舰店,1872,https://item.jd.com/26965314479.html,Apple苹果iPhone8Plus手机深空灰色全网通128G,75
https://img10.360buyimg.com/n7/jfs/t1/27722/34/12675/540729/5c9a55c0Ebfe69c0f/a9a13952511d8323.jpg,3688,OKSJ手机旗舰店,9918,https://item.jd.com/44126874550.html,华为P30Pro手机【保价15天】全网通智能手机极光色8G+128G,28
https://img10.360buyimg.com/n7/jfs/t1/117542/12/8839/126970/5ed3c35aEa7fc6b97/44f2c1ed3157186a.jpg,1307,掌视界数码旗舰店,8048,https://item.jd.com/54581709291.html,华为畅享10Plus手机天空之境全网通(6G+128G),19
https://img10.360buyimg.com/n7/jfs/t1/111599/10/8815/157374/5ed34950Ec3c0165f/4d8db5d6157ecb51.jpg,1396,掌视界数码旗舰店,12918,https://item.jd.com/51017743879.html,华为nova5i手机幻夜黑全网通(8G+128G),19
https://img10.360buyimg.com/n7/jfs/t1/129196/36/3540/47933/5ed36d27E9159ef4c/b812172779113d74.jpg,2199,OPPO官方直营旗舰店,903,https://item.jd.com/68132667152.html,OPPOA92s双模5G120hz超清畅感全面屏前置双摄焕颜相机后置4800万超清四摄私语白（6GB+128GB）官方标配,20
https://img10.360buyimg.com/n7/jfs/t1/125082/39/3526/150129/5ed3d35bE05a0b384/a2f250ef60878eb8.jpg,2369,掌视界数码旗舰店,2491,https://item.jd.com/68341524973.html,华为nova7se5G手机银月星辉全网通(8G+128G),24
https://img10.360buyimg.com/n7/jfs/t1/112290/37/8886/158815/5ed4b206Ec5843148/82473d0b3e1b51a0.jpg,3968,淘金手机专营店,865,https://item.jd.com/65577180517.html,小米105G版游戏手机骁龙865钛银黑8GB+256GB,55
https://img10.360buyimg.com/n7/jfs/t1/129263/11/3601/168216/5ed3c39bEde181dc1/19fb189f2ec97d12.jpg,1918,掌视界数码旗舰店,15632,https://item.jd.com/47784189130.html,华为nova5Pro手机绮境森林全网通(8G+128G),22
https://img10.360buyimg.com/n7/jfs/t1/112229/17/5715/289810/5eb63c34E3144b2e5/43ca0a76158ad491.jpg,579,极客小酷官方旗舰店,2112,https://item.jd.com/65981597361.html,小辣椒Mate30Max全网通4G八核人脸指纹识别6.26英寸水滴全面屏老人学生游戏智能手机渐变红全网通4+64GB,42
https://img10.360buyimg.com/n7/jfs/t1/121778/8/3155/55342/5ece7079E60a3cb53/8df3731ebaee5302.jpg,2399,咪咕旗舰店,1462,https://item.jd.com/68370975632.html,华为nova7se5G手机【6期免息咨询省200】nova7se全网通智能手机幻夜黑8GB+128GB,30
https://img10.360buyimg.com/n7/jfs/t1/118340/11/3404/147391/5ea8003fE5ba48a0d/e73acfa17d06bc2a.jpg,4839,淘金手机专营店,444,https://item.jd.com/65928012161.html,【现货速发】黑鲨3pro5G游戏手机骁龙865腾讯黑鲨游戏手机黑鲨3铠甲灰8GB＋256GB,31
https://img10.360buyimg.com/n7/jfs/t1/110919/5/8860/130985/5ed39f22E253b9046/43d006aec4616864.jpg,2999,聚捷联盛手机旗舰店,486,https://item.jd.com/67756646016.html,华为nova75G手机7号色全网通（8G+128G）,18
https://img10.360buyimg.com/n7/jfs/t1/122957/30/3602/599756/5ed3db74E7a1778f6/6429b569a68d1d82.png,6488,疆界互联旗舰店,1594,https://item.jd.com/66841585578.html,华为p40pro5G手机【当天发货|原装壕礼|30天价保】亮黑色5G全网通8G+256G,37
https://img10.360buyimg.com/n7/jfs/t1/123263/37/3507/575429/5ed24694E982fd3df/939771f29cff3f39.png,4969,疆界互联旗舰店,25,https://item.jd.com/68025066748.html,【京东/顺丰物流】荣耀30pro+华为5g手机绿野仙踪8GB+256GB全网通,48
https://img10.360buyimg.com/n7/jfs/t1/115201/18/8591/122940/5ed0bd96Eb7e17154/f5ef23211f04b704.jpg,1199,OPPO优品专卖店,5084,https://item.jd.com/57831335444.html,OPPOA11手机【限时899起】AI四摄5000mAh大电量全面屏拍照智能手机超长续航流云白4G+64G全网通,25
https://img10.360buyimg.com/n7/jfs/t1/125069/5/3503/617314/5ed2467cE7a636625/9812de9f97aca293.png,3969,疆界互联旗舰店,58,https://item.jd.com/67223389745.html,【24期分期0首付可选】荣耀30pro华为5g手机幻夜黑8G+128G全网通,52
https://img10.360buyimg.com/n7/jfs/t1/114432/39/8647/119119/5ed0a7fdE07284b17/cc0d328763745562.jpg,1598,vivo京东自营官方旗舰店,660738,https://item.jd.com/100005787036.html,vivoZ5x8GB+128GB极光色极点屏手机5000mAh大电池三摄拍照手机移动联通电信全网通4G手机,30
https://img10.360buyimg.com/n7/jfs/t1/102413/7/7577/103895/5dfc8240E228ce9c7/57c84096ea7beff8.jpg,599,诺基亚手机京东自营旗舰店,15971,https://item.jd.com/100010821268.html,诺基亚NOKIA2720移动联通电信三网4G黑色双卡双待经典复刻翻盖手机4G热点备用功能机老人机,28
https://img10.360buyimg.com/n7/jfs/t1/114664/28/7769/413752/5ec527beEa3e42f5c/9654111445109e0d.jpg,2799,OKSJ手机旗舰店,793,https://item.jd.com/62648705362.html,【6期免息】荣耀V30双模5G手机全网通冰岛幻境8G+128G,29
https://img10.360buyimg.com/n7/jfs/t1/120790/24/3730/242004/5ed50931E148502a4/7a4c081dc198e120.jpg,3498,vivo京东自营官方旗舰店,0,https://item.jd.com/100013261486.html,vivoX505G手机8+128GB液氧20倍变焦超感光夜摄90Hz超薄柔性屏双模5G全网通手机,
https://img10.360buyimg.com/n7/jfs/t1/135780/14/956/127508/5ed49bdaE0e5dd6da/f500df3ff9c84ddb.jpg,1549,掌视界数码旗舰店,10679,https://item.jd.com/62049397357.html,华为nova6se手机幻夜黑全网通(8G+128G),19
https://img10.360buyimg.com/n7/jfs/t1/121980/26/3528/30567/5ed38830Ea468b021/818729b4eecc0af4.jpg,2999,OPPO京东自营官方旗舰店,19084,https://item.jd.com/100010658634.html,OPPOReno3双模5G6400万超清四摄视频双防抖7.96mm纤薄机身8GB+128GB蓝色星夜全网通拍照游戏视频手机,26
https://img10.360buyimg.com/n7/jfs/t1/112659/8/8823/209585/5ed2187aE2a9b5f5c/bae836c3ce8703fb.jpg,7399,严集手机旗舰店,62,https://item.jd.com/55096198420.html,三星Note10+5G手机莫奈彩（12+256G）：：咨询客服省钱全网通5G手机,44
https://img10.360buyimg.com/n7/jfs/t1/102413/7/7577/103895/5dfc8240E228ce9c7/57c84096ea7beff8.jpg,599,诺基亚手机京东自营旗舰店,15972,https://item.jd.com/100010821268.html,诺基亚NOKIA2720移动联通电信三网4G黑色双卡双待经典复刻翻盖手机4G热点备用功能机老人机,28
https://img10.360buyimg.com/n7/jfs/t1/114664/28/7769/413752/5ec527beEa3e42f5c/9654111445109e0d.jpg,2799,OKSJ手机旗舰店,793,https://item.jd.com/62648705362.html,【6期免息】荣耀V30双模5G手机全网通冰岛幻境8G+128G,29
https://img10.360buyimg.com/n7/jfs/t1/120790/24/3730/242004/5ed50931E148502a4/7a4c081dc198e120.jpg,3498,vivo京东自营官方旗舰店,0,https://item.jd.com/100013261486.html,vivoX505G手机8+128GB液氧20倍变焦超感光夜摄90Hz超薄柔性屏双模5G全网通手机,
https://img10.360buyimg.com/n7/jfs/t1/135780/14/956/127508/5ed49bdaE0e5dd6da/f500df3ff9c84ddb.jpg,1549,掌视界数码旗舰店,10679,https://item.jd.com/62049397357.html,华为nova6se手机幻夜黑全网通(8G+128G),19
https://img10.360buyimg.com/n7/jfs/t1/121980/26/3528/30567/5ed38830Ea468b021/818729b4eecc0af4.jpg,2999,OPPO京东自营官方旗舰店,19084,https://item.jd.com/100010658634.html,OPPOReno3双模5G6400万超清四摄视频双防抖7.96mm纤薄机身8GB+128GB蓝色星夜全网通拍照游戏视频手机,26
https://img10.360buyimg.com/n7/jfs/t1/112659/8/8823/209585/5ed2187aE2a9b5f5c/bae836c3ce8703fb.jpg,7399,严集手机旗舰店,62,https://item.jd.com/55096198420.html,三星Note10+5G手机莫奈彩（12+256G）：：咨询客服省钱全网通5G手机,44
https://img10.360buyimg.com/n7/jfs/t1/112591/2/5273/65890/5eb26a2dEa9b42729/58dec84d44d6698b.jpg,599,朵唯手机旗舰店,151,https://item.jd.com/68987395539.html,朵唯（DOOV）D19电霸智能手机八核水滴全面屏4G全网通老人大屏游戏拍照学生手机翡冷翠6GB+64GB,35
https://img10.360buyimg.com/n7/jfs/t1/136046/10/887/155656/5ed28e35Eefb698be/aad5f174215bfebc.jpg,1458,聚捷联盛手机旗舰店,3009,https://item.jd.com/53369048529.html,华为nova5ipro/nova5ipro手机翡冷翠全网通（8G+128G),27
https://img10.360buyimg.com/n7/jfs/t1/131891/30/510/31064/5ece353eE17a35b6b/183ce8bf16d6288f.jpg,1599,OPPO官方直营旗舰店,531,https://item.jd.com/68132209527.html,OPPOA521200万AI四摄大光圈夜拍视频广角防抖长续航智能游戏拍照手机超清灵点全面屏星耀白（8+128）官方标配,20
https://img10.360buyimg.com/n7/jfs/t1/125958/8/3049/391940/5ecdc365Eca14b228/bddfa4fabd05aa45.png,1599,OPPO手机乐良专卖店,1454,https://item.jd.com/68119814796.html,【6期免息+扫地机】OPPOA52手机8G+128G大内存5000mAh大电池oppoa52星耀白（8GB+128GB）全网通,29
https://img10.360buyimg.com/n7/jfs/t1/121221/2/3566/100374/5ed28378E46190142/2b78b6fdabfd2fbe.jpg,1499,荣耀京东自营旗舰店,201221,https://item.jd.com/100006728101.html,荣耀Play4TPro麒麟810芯片OLED屏幕指纹4800万高感光夜拍三摄22.5W超级快充全网通6GB+128GB冰岛幻境,21
https://img10.360buyimg.com/n7/jfs/t1/129998/32/1030/192966/5ed4c55dE8010f1b4/4928bf3071d30646.jpg,2399,掌视界数码旗舰店,3094,https://item.jd.com/67286289370.html,荣耀30S华为手机蝶羽翠5G手机全网通(8G+128G),28
https://img10.360buyimg.com/n7/jfs/t30478/84/1530412740/109842/b02e94d8/5ce3891dNa6496e04.jpg,2099,聚捷联盛手机旗舰店,2133,https://item.jd.com/40362422949.html,华为荣耀V20手机幻夜黑全网通（8+128G）,39
https://img10.360buyimg.com/n7/jfs/t1/113721/32/8877/755750/5ed3aa8bEb5ab3b5d/94f7a681e11caf9b.png,2999,头号卖家旗舰店,2484,https://item.jd.com/63884312338.html,【立省400元+扫地机】OPPOReno3Pro5G手机opporeno3pro智能手机Reno3蓝色星夜8GB+128GB5g全网通官方标配,33
https://img10.360buyimg.com/n7/jfs/t1/124916/24/3088/96324/5ecdd680E23ef3e33/72da2440ce0ef6b0.jpg,899,OPPO手机乐良专卖店,21995,https://item.jd.com/32357220384.html,OPPOA5手机【低至899！购机赠礼】全面屏双摄拍照千元机珊瑚红(3G+64G),40
https://img10.360buyimg.com/n7/jfs/t1/120736/40/3630/196567/5ed47ed3Ec90088e2/50781134c37c955c.jpg,3699,炜东电商旗舰店,0,https://item.jd.com/69784609207.html,realme真我X50Pro玩家版骁龙8654800万变焦四摄65W闪充光速银12G+128G,
https://img10.360buyimg.com/n7/jfs/t1/132380/10/907/102385/5ed398efE11eab93e/edf4f4114cca0d81.jpg,5988,聚捷联盛手机旗舰店,544,https://item.jd.com/67050381075.html,华为P40Pro5G手机亮黑色全网通（8G+128G）,24
https://img10.360buyimg.com/n7/jfs/t1/117755/24/8821/196275/5ed4b6fdEcf144864/bd27e5ef56ab5299.jpg,2799,愉快二手手机专营店,864,https://item.jd.com/49715586615.html,【二手95新】一加7ProOnePlus1+7pro二手安卓全面屏拍照游戏手机骁龙855星雾蓝【赠WARP闪充套装】8GB+256GB全网通在保,33
https://img10.360buyimg.com/n7/jfs/t1/110502/16/19138/189306/5ec8f44fEcb3d9148/6aab69658910f7bf.jpg,2399,新松联手机旗舰店,173,https://item.jd.com/68209786582.html,华为nova7se5g手机幻夜黑双模5G全网通（8+128G）,28
https://img10.360buyimg.com/n7/jfs/t1/108483/2/6641/146147/5e5083b3E11c437e7/917955e18a47484b.jpg,329,天语手机旗舰店,593,https://item.jd.com/44940339811.html,【官方旗舰店】双摄像全网通4G智能老人机微信WIFI蓝牙大屏,43
https://img10.360buyimg.com/n7/jfs/t1/123278/10/3571/232554/5ed283c1E9f5b9d22/7f4f6fbe08fd9ba6.png,1208,星际二手商品专营店,1516,https://item.jd.com/30946086570.html,【二手9成新】AppleiPhone7苹果7拍拍二手手机国行全网通4.7英寸磨砂黑128G全网通,59
https://img10.360buyimg.com/n7/jfs/t1/110306/12/8283/115536/5e660f59E5c59a5c7/1ced6bb8d6a5c454.jpg,219,天语手机京东自营官方旗舰店,18670,https://item.jd.com/100000766331.html,【京东自营】一年只换不修一键手电筒一键报时超长待机双屏语音王,26
https://img10.360buyimg.com/n7/jfs/t1/126238/19/3613/417567/5ed3a8e8E41f9e18a/d075cfe810cead5a.jpg,6399,OKSJ手机旗舰店,4042,https://item.jd.com/59900199121.html,华为Mate30Pro5G版【12期免息】全网通手机青山黛(8+256G),29
https://img10.360buyimg.com/n7/jfs/t1/118098/14/8895/164068/5ed3b8a3E4e22a701/2f3f78ee7ac8f83e.jpg,2698,vivo京东自营官方旗舰店,25254,https://item.jd.com/100011924580.html,vivoS65G手机8GB+128GB天鹅湖前置3200万超清夜景自拍4500mAh大电池后置四摄双模5G全网通手机,24
https://img10.360buyimg.com/n7/jfs/t1/113014/26/8273/158522/5eccb9edE0b74d5be/e282e612f9af07b8.jpg,1199,OPPO墨白专卖店,4139,https://item.jd.com/64209577012.html,OPPOA8手机【现货速发+1年碎屏险】6.5英寸水滴屏后置AI三摄全网通4G全面屏拍照游戏手机秘夜黑（4G+128G）官方标配,23
https://img10.360buyimg.com/n7/jfs/t1/97366/35/15382/105416/5e703d6dE1198a7ee/f57ba68910504d67.jpg,1249,千瑞达手机旗舰店,5700,https://item.jd.com/56226993940.html,华为畅享10plus手机加赠碎屏险翡冷翠全网通4G+128G,31
https://img10.360buyimg.com/n7/jfs/t1/128225/9/3097/202884/5ecde291E976d557c/d621c40e2942d5f2.jpg,1299,OPPO墨白专卖店,3744,https://item.jd.com/60412796451.html,【立减200+多重豪礼】OPPOA11x手机4800万四摄oppoa11x/a11水滴屏全网通A11香草薄荷（4GB+128GB）全网通官方标配,28
https://img10.360buyimg.com/n7/jfs/t1/131468/14/918/728059/5ed36c5aE7ce975c5/89811c5e03b8ec42.png,6999,OPPO手机乐良专卖店,451,https://item.jd.com/65785672692.html,【24期免息+碎屏险】OPPOFindX2Pro手机超感官5G旗舰曲面屏findx2FindX2Pro茶橘（12G+256G）5G全网通,52
https://img10.360buyimg.com/n7/jfs/t1/107888/30/11908/137714/5e8eec80E241ffa80/020542b932c93818.jpg,699,极客小酷官方旗舰店,4347,https://item.jd.com/64913943409.html,金立GioneeK3全网通4G超长待机6.2英寸水滴屏双卡双待老人学生智能手机极光蓝4GB+64GB,24
https://img10.360buyimg.com/n7/jfs/t1/131180/22/940/121521/5ed3b1f5E84cbc49e/4fa2584b1fb06dd1.jpg,2699,OPPO酷炫手机专卖店,7007,https://item.jd.com/57842210104.html,【爆降400仅2299元！】OPPORenoAce游戏手机骁龙855超级闪充renoace全网通星际蓝(8GB+128GB)【现货抢购推荐购买】官方标配,42
https://img10.360buyimg.com/n7/jfs/t1/132228/35/542/103800/5ecf477fEcd981919/6f8e771111fce8a8.jpg,5988,同达丰手机旗舰店,689,https://item.jd.com/69888341687.html,华为P40pro5G手机【华为官方直供旗舰店】,36
https://img10.360buyimg.com/n7/jfs/t1/115099/23/8630/31539/5ed36d47Ed23410a3/e944a61e32ed2803.jpg,2699,OPPO官方直营旗舰店,3857,https://item.jd.com/65428792640.html,OPPOReno3元气版5G视频双防抖高通骁龙765VOOC闪充4.0游戏拍照手机【享24期免息】元气版5G天镜白(8GB+128GB)官方标配,28
https://img10.360buyimg.com/n7/jfs/t1/126229/10/3486/228534/5ed3304cEe67caddd/f8246605d1d7691c.jpg,3699,OPPO墨白专卖店,1614,https://item.jd.com/63881823693.html,【至高降400+24期免息】OPPOReno3Pro5G手机opporeno3pro游戏拍照手机Reno3Pro日出印象（8GB+128GB）5G全网通【官方标配】,33
https://img10.360buyimg.com/n7/jfs/t1/114365/24/8804/139083/5ed3cfedE2ce01281/3c910a9bdb99d961.jpg,7388,京合旗舰店,588,https://item.jd.com/67128407384.html,华为（HUAWEI）P40Pro(5G)手机（6期免息/20重豪礼/30天价保/质保3年）零度白全网通8GB+512GB,30
https://img10.360buyimg.com/n7/jfs/t1/120135/4/3386/123699/5ed0ba1eEfd467f57/c63b724382ead1ab.jpg,1199,OPPO优品专卖店,2175,https://item.jd.com/64247794102.html,OPPOa8手机【抢购送好礼】128G大内存AI三摄智能美颜拍照4230mAh超长续航石榴红4G+128G全网通,23
https://img10.360buyimg.com/n7/jfs/t1/127366/8/3321/119396/5ed0bd9cEe0cb275a/e3a21f2c83ab84e7.jpg,1199,OPPO优品专卖店,7061,https://item.jd.com/65838761613.html,OPPOA11x手机【至高再减300元】4800万像素防抖超长续航双卡双待拍照手机A11极夜黑4G+64G全网通,27
https://img10.360buyimg.com/n7/jfs/t1/105398/28/16880/137550/5e82d8e0E60359c6a/78d7df3005527ecd.jpg,249,天语手机旗舰店,467,https://item.jd.com/51640924252.html,【官方旗舰店】送双电全网通4G智能老人机微信WIFI蓝牙大屏,18
https://img10.360buyimg.com/n7/jfs/t1/135690/35/766/115139/5ed10d4eEd8f98d37/e4e3580cfaf615b6.jpg,2198,vivo京东自营官方旗舰店,53351,https://item.jd.com/100011238454.html,vivoZ65G手机6GB+128GB星际银44W超快闪充高通骁龙765G5000mAh超大电池全网通手机,26
https://img10.360buyimg.com/n7/jfs/t1/125462/40/2960/217409/5ecb632cEee6721e1/41ed23e1642bd846.jpg,1419,掌视界数码旗舰店,11063,https://item.jd.com/53138611296.html,荣耀9x华为手机魅海蓝全网通（6G+128G）,24
https://img10.360buyimg.com/n7/jfs/t1/91134/27/5067/184976/5dea0fa7E18491e5c/1f8e63a7334cbe7c.jpg,1598,vivo京东自营官方旗舰店,27059,https://item.jd.com/100005511289.html,vivoS58GB+128GB冰岛恋歌前置3200万写真级自拍4800万菱感四摄极点屏手机全网通4G手机,24
https://img10.360buyimg.com/n7/jfs/t1/99099/23/18684/85087/5e96753fE1862f465/a9a9179297eaa804.jpg,499,多亲（QIN）京东自营旗舰店,134,https://item.jd.com/100006930345.html,多亲（QIN）Qin2Pro学生手机5.05英寸全面屏智能超薄手机备机触屏移动联通4g手机电信Volte铁灰色,18
https://img10.360buyimg.com/n7/jfs/t1/131128/39/928/106997/5ed3990bE27a7c358/dcc272ec586dfb8b.jpg,4488,聚捷联盛手机旗舰店,2276,https://item.jd.com/67050788304.html,华为P405G手机亮黑色全网通（8G+128G）,18
https://img10.360buyimg.com/n7/jfs/t1/128898/21/1132/94737/5eba1a06E1d4df81b/9f601e5cbabe8a66.jpg,268,金诚手机专营店,311,https://item.jd.com/68717539255.html,金立A880翻盖老人手机移动联通大屏老年机双卡双待黑色,51
https://img10.360buyimg.com/n7/jfs/t1/107467/2/15018/389173/5ea9ad8bE95f84b8e/ce2d0a396607af07.jpg,4499,OKSJ手机旗舰店,4600,https://item.jd.com/59768351239.html,【6期免息】华为Mate305G版全网通手机亮黑色,26
https://img10.360buyimg.com/n7/jfs/t1/117519/4/2987/271396/5ea5788fEb35b1072/21af7ae4f04863d5.jpg,4079,一加手机京东自营官方旗舰店,28699,https://item.jd.com/100006914585.html,一加OnePlus85G旗舰90Hz高清柔性屏骁龙865180g轻薄手感8GB+128GB青空游戏手机【湖青色砂岩壳套装】,15
https://img10.360buyimg.com/n7/jfs/t1/115922/13/8685/125245/5ed38c87E32eccf1d/4f58f39f42eecdee.jpg,3088,天翼电信旗舰店,6037,https://item.jd.com/45545111915.html,华为p30手机【至高省500】超感光徕卡三摄麒麟980天空之境全网通8GB+128GB（4G版）,34
https://img10.360buyimg.com/n7/jfs/t1/119019/7/7086/151441/5ec0c9c1E7385fb26/ea97fc86edfcee22.jpg,1199,淘金手机专营店,382,https://item.jd.com/67787762693.html,荣耀play4t华为手机蓝水翡翠全网通6GB+128GB,32
https://img10.360buyimg.com/n7/jfs/t1/117463/40/8754/321368/5ed3361bE69047690/18d8e600bed2c296.jpg,5999,OPPO墨白专卖店,56,https://item.jd.com/65798970484.html,【24期免息+超值豪礼】OPPOFindX2手机5G旗舰oppofindx2pro游戏拍照FindX2碧波（8GB+256GB）现货速发5G全网通【官方标配】,43
https://img10.360buyimg.com/n7/jfs/t1/121641/38/3272/107218/5ecf850dEeb8779d8/383b10826678f665.jpg,9999,OPPO酷炫手机专卖店,0,https://item.jd.com/69675744675.html,【预约抽好礼】OPPOReno4Pro5G新品手机夜景视频智能游戏拍照全网通reno4proReno4Pro晶钻蓝(8GB+128GB)5G新品全网通官方标配,
https://img10.360buyimg.com/n7/jfs/t1/119597/38/7516/117179/5ed3d4edEb9962b19/36c9aef606952ce3.jpg,1699,臻火旗舰店,0,https://item.jd.com/69527342525.html,【大量现货速发】华为畅享Z5G手机全网通双卡双待樱雪晴空6+64GB,
https://img10.360buyimg.com/n7/jfs/t1/118679/28/4676/85510/5eaf8201E309d9d40/7479448398d36828.jpg,3699,千瑞达手机旗舰店,317,https://item.jd.com/68373354764.html,华为nova7Pro5G手机(12期免息可选）全网通7号色8G+128G（6期免息）,24
https://img10.360buyimg.com/n7/jfs/t1/136685/30/855/675667/5ed3304dE0c796adf/0437da57e2e24650.png,3699,OPPO墨白专卖店,338,https://item.jd.com/64508773841.html,【至高降400+24期免息】OPPOReno35G手机opporeno3pro高通骁龙游戏拍照手机Reno3Pro日出印象（8GB+128GB）5G全网通【官方标配】,28
https://img10.360buyimg.com/n7/jfs/t1/128898/21/1132/94737/5eba1a06E1d4df81b/9f601e5cbabe8a66.jpg,268,金诚手机专营店,311,https://item.jd.com/68717539255.html,金立A880翻盖老人手机移动联通大屏老年机双卡双待黑色,51
https://img10.360buyimg.com/n7/jfs/t1/118451/25/8082/112906/5ecb3533Eba91fea3/743e2638b86292bd.jpg,1149,千瑞达手机旗舰店,4064,https://item.jd.com/59476682332.html,华为畅享10手机全网通4G天空之境4GB+128GB,39
https://img10.360buyimg.com/n7/jfs/t1/111218/25/3734/134016/5eaa398eE12ace977/3e4db520ad745a22.jpg,1529,千瑞达手机旗舰店,3019,https://item.jd.com/53629479041.html,【已直降200】华为nova5ipro手机全网通4G翡冷翠8G+128G（已降200元）,31
https://img10.360buyimg.com/n7/jfs/t1/116414/30/8872/150400/5ed226baE94963373/ef387f2e70eba66d.jpg,1999,掌视界数码旗舰店,6899,https://item.jd.com/63775392113.html,华为nova6手机(5G/4G版可选)苏音蓝全网通4G版(8G+128G),22
https://img10.360buyimg.com/n7/jfs/t1/119481/2/7461/295458/5ed3b238E8ba1bf4d/9e515f1a6697c128.jpg,4988,OKSJ手机旗舰店,1457,https://item.jd.com/67126015774.html,【12期免息当天发】华为P405G手机全网通智能手机冰霜银8+256G,21
https://img10.360buyimg.com/n7/jfs/t1/116683/11/8356/179236/5ecde278E3d8c2216/bb4acf286375e83a.jpg,1199,OPPO墨白专卖店,3048,https://item.jd.com/65831229757.html,【立减200+多重豪礼】OPPOA11手机oppoa11x/a11视频防抖AI四摄全面屏游戏手机A11流云白（4G+64G）全网通官方标配,19
https://img10.360buyimg.com/n7/jfs/t1/96361/21/12969/189291/5e561829E7b260a81/5c72b272aaf0a7e5.jpg,1999,realme真我京东自营旗舰店,153023,https://item.jd.com/100011584672.html,realme真我X26400万超广角四摄高通骁龙730G30WVOOC4.0闪充4000mAh大电池全网通8GB+256GB银翼白游戏智能手机,30
https://img10.360buyimg.com/n7/jfs/t1/125179/31/3510/118084/5ed296beEffec98de/e46ff72cb4ca43b0.jpg,1289,荣耀京东自营旗舰店,1566410,https://item.jd.com/100006947212.html,荣耀9X麒麟8104000mAh续航4800万超清夜拍6.59英寸升降全面屏全网通6GB+64GB魅海蓝,25
https://img10.360buyimg.com/n7/jfs/t1/122945/36/3109/134848/5ece2176E2c812de7/3ff96411fecfeda3.jpg,2399,臻火旗舰店,571,https://item.jd.com/68361625043.html,当天发华为nova7se5G手机仲夏紫8+128GB,33
https://img10.360buyimg.com/n7/jfs/t1/126278/33/3576/230889/5ed37229Eb0d2976c/dc689fdafad5a028.jpg,2998,vivo京东自营官方旗舰店,55215,https://item.jd.com/100012553700.html,vivoX305G虹影8GB+128GB双模5G20倍变焦50mm专业人像镜头全网通智慧旗舰手机,26
https://img10.360buyimg.com/n7/jfs/t1/118768/21/8996/150278/5ed4d747Efde71dd1/fcab9fed9c1c3b34.jpg,4488,千瑞达手机旗舰店,165,https://item.jd.com/69028982496.html,华为p405G手机(12期免息可选）全网通零度白8+128GB（6期免息）,39
https://img10.360buyimg.com/n7/jfs/t1/114205/3/8766/638691/5ed32ef1Efb7ad907/cd2fb723771ec3ac.png,2699,OPPO墨白专卖店,935,https://item.jd.com/65421844281.html,【已降300+24期免息】OPPOReno3元气版5G手机opporeno3高通骁龙游戏拍照手机月夜黑（8GB+128GB）5G全网通官方标配,37
https://img10.360buyimg.com/n7/jfs/t1/121439/37/3539/230335/5ed32ee6E7429fbb5/b69029797dadca93.jpg,2699,OPPO墨白专卖店,4964,https://item.jd.com/48436699750.html,【已降300+24期免息】OPPOReno3元气版5G手机opporeno3高通骁龙游戏拍照手机月夜黑（8GB+128GB）5G全网通官方标配,44
https://img10.360buyimg.com/n7/jfs/t1/117998/35/8877/265941/5ed37956Ebeddbf9b/ff9028bce1537b49.jpg,1698,vivo京东自营官方旗舰店,3007,https://item.jd.com/100006983275.html,vivoY508GB+128GB流光银5000mAh大电池极点屏后置四摄全网通4G手机,20
https://img10.360buyimg.com/n7/jfs/t1/119587/8/7311/290717/5ed1146eE3768e501/539b7246dcc777b4.jpg,2898,iQOO京东官方自营旗舰店,55257,https://item.jd.com/100012820012.html,vivoiQOONeo35G8GB+128GB青空蓝高通骁龙865144Hz竞速屏立体双扬44W闪充双模5G全网通手机,28
https://img10.360buyimg.com/n7/jfs/t1/118270/38/4726/118640/5eafd28dE64d04fbb/85d9053273f88c0f.jpg,2198,千瑞达手机旗舰店,10997,https://item.jd.com/58145338297.html,【分期免息直降200】华为nova5Pro手机全网通4G绮境森林8G+128G（已降200）,31
https://img10.360buyimg.com/n7/jfs/t1/137568/38/924/142418/5ed3bc74E25b9ce8b/406d5c9bc8824564.jpg,2349,海信手机京东自营旗舰店,36713,https://item.jd.com/100009386188.html,海信(Hisense)双屏手机A6L5.84英寸护眼水墨屏6.53英寸水滴屏电纸书阅读器翎羽蓝6GB+64GB全网通4G手机,30
https://img10.360buyimg.com/n7/jfs/t1/123531/21/3494/190766/5ed3d797Ec165d04e/7cbc8dfbb3bfe4f9.jpg,1158,新松联手机旗舰店,585,https://item.jd.com/49210302085.html,华为麦芒8手机幻夜黑6GB+128GB全网通,28
https://img10.360buyimg.com/n7/jfs/t1/118505/29/6719/135473/5ebcbc85E033b3bd4/b9ff0f38a8adb6a1.jpg,5858,中国移动手机官方旗舰店,35946,https://item.jd.com/56643356934.html,【至高24期免息】苹果iPhone11手机全网通黑色128GB（12期免息）,28
https://img10.360buyimg.com/n7/jfs/t1/111782/39/8786/194283/5ed3f62eEda2160b1/f5fe50e134d5c179.jpg,4958,臻火旗舰店,1644,https://item.jd.com/67058419859.html,【白条6期免息送碎屏险】华为P405G手机分期冰霜银8+256GB,30
https://img10.360buyimg.com/n7/jfs/t1/123079/36/3472/150889/5ed322cbE0df9baae/f9e13dd8745698f9.jpg,2949,千瑞达手机旗舰店,818,https://item.jd.com/69283442127.html,华为nova75G手机(12期免息可选)全网通7号色8+128GB（6期免息）,56
https://img10.360buyimg.com/n7/jfs/t1/113687/32/3019/241171/5ea57586E5e628ebe/c63481d521cb32aa.jpg,6159,一加手机京东自营官方旗舰店,8785,https://item.jd.com/100012624376.html,一加OnePlus8Pro5G旗舰2K+120Hz柔性屏30W无线闪充骁龙86512GB+256GB黑镜超清超广角拍照游戏手机【Warp闪充套装】,24
https://img10.360buyimg.com/n7/jfs/t1/124304/36/3060/180399/5ecca46aE0c0fcd12/98f839de9547cd51.jpg,1599,OPPO墨白专卖店,300,https://item.jd.com/68125005062.html,【6期免息+超值豪礼】OPPOA52手机AI四摄oppoa52智能拍照手机5000mAh大电池黑（8GB+128GB）全网通官方标配,40
https://img10.360buyimg.com/n7/jfs/t1/132756/10/134/204230/5ec8e2f2E78a8397b/b730317e17a65cd8.jpg,1199,掌视界数码旗舰店,1596,https://item.jd.com/67415610245.html,荣耀Play4T华为手机蓝水翡翠(6G+128G),16
https://img10.360buyimg.com/n7/jfs/t1/123244/14/3536/272909/5ed335fbEfb44a7be/672017cfcabb924d.jpg,6999,OPPO墨白专卖店,136,https://item.jd.com/65797939602.html,【24期免息+超值豪礼】OPPOFindX2Pro手机超感官5G旗舰oppofindx2proFindX2Pro茶橘（12GB+256GB）5G全网通【官方标配】,50
https://img10.360buyimg.com/n7/jfs/t1/116335/20/8788/404066/5ed3db2aEa7af1d8e/ec122a9622175d7e.jpg,6488,OKSJ手机旗舰店,1987,https://item.jd.com/67126728009.html,华为P40Pro5G手机【6期免息/保价30天】全网通智能手机零度白8+256G,22
https://img10.360buyimg.com/n7/jfs/t1/104100/31/17937/80548/5e8ecfcbEea3091bb/838fc6aadaa969eb.jpg,1699,掌视界数码旗舰店,926,https://item.jd.com/67415881855.html,荣耀Play4TPro华为手机蓝水翡翠(8G+128G),16
https://img10.360buyimg.com/n7/jfs/t1/108397/31/15876/97771/5eafefbeE42713350/7dab7181a310ce32.jpg,1189,千瑞达手机旗舰店,4341,https://item.jd.com/59848745951.html,【直降300】荣耀20青春版华为手机全网通4G冰岛幻境6+64GB,22
https://img10.360buyimg.com/n7/jfs/t1/133324/26/855/748517/5ed3308dE555c4297/48a60894c4c8c7c9.png,2999,OPPO墨白专卖店,825,https://item.jd.com/63781608407.html,【至高降400+24期免息】OPPOReno35G手机opporeno3pro高通骁龙游戏拍照手机Reno3蓝色星夜（8GB+128GB）5G全网通【官方标配】,36
https://img10.360buyimg.com/n7/jfs/t1/127944/5/3550/184224/5ed3116cEf53b2851/513f2deac96e2004.jpg,3298,烁影手机旗舰店,1859,https://item.jd.com/67950175466.html,vivoiQOONeo3双模5G手机【12期免息送5重豪礼】高通骁龙865144HZ屏幕刷新率青空蓝12+128G,32
https://img10.360buyimg.com/n7/jfs/t1/133913/32/1056/150229/5ed4d718E807e321d/1450d9dbe51e9107.jpg,5988,千瑞达手机旗舰店,35,https://item.jd.com/69030657806.html,华为P40Pro5G手机(12期免息可选)全网通晨曦金8+128GB(6期免息）,83
https://img10.360buyimg.com/n7/jfs/t1/118304/8/8793/230335/5ed32eeeE7fe6d7bb/23eccb151aa7a236.jpg,2699,OPPO墨白专卖店,256,https://item.jd.com/65520864536.html,【已降300+24期免息】OPPOReno3元气版5G手机opporeno3高通骁龙游戏拍照手机月夜黑（8GB+128GB）5G全网通官方标配,35
https://img10.360buyimg.com/n7/jfs/t1/114521/23/8726/395375/5ed4df83E755ba355/9b5cce135570db49.jpg,4099,OKSJ手机旗舰店,210,https://item.jd.com/68373600132.html,【12期免息】华为nova7Pro5G手机7号色8G+256G,38
https://img10.360buyimg.com/n7/jfs/t1/111878/39/5261/104160/5eb26b57Ea36f798d/0bdd74a069cffec3.jpg,239,天语手机京东自营官方旗舰店,16476,https://item.jd.com/100009135190.html,天语（K-Touch）V9双屏翻盖老人手机超长待机移动联通2G双卡双待老年手机手写功能机玫瑰金,70
https://img10.360buyimg.com/n7/jfs/t1/93953/37/18477/59809/5e951d3dE2d2f38ad/de7261aa3c278334.jpg,99,天语手机京东自营官方旗舰店,54897,https://item.jd.com/4364853.html,天语（K-Touch）N2老人手机双侧边键移动/联通双卡双待按键直板防摔老年学生功能机金色,42
https://img10.360buyimg.com/n7/jfs/t1/133315/25/743/142658/5ed0de27Efa771a19/c3abaa52ef58d3f2.jpg,3099,realme真我京东自营旗舰店,15927,https://item.jd.com/100011047020.html,realme真我X50大师版线6400万变焦四摄双模5G高通骁龙765G120Hz电竞屏前置双摄12GB+256GB游戏智能手机,35
https://img10.360buyimg.com/n7/jfs/t1/68235/35/15189/105650/5dca1eb0Eef57d550/5fcc96fbcf5c28fa.jpg,129,天语手机京东自营官方旗舰店,43261,https://item.jd.com/100009768864.html,【京东自营】双侧快捷键超长待机全语音王大屏幕大字体大声音,73
https://img10.360buyimg.com/n7/jfs/t1/118718/25/8840/218289/5ed32ddcE14a41ba6/b08cdaacd7c9dee6.jpg,2299,OPPO墨白专卖店,527,https://item.jd.com/68126177078.html,【12期免息+榨汁杯】OPPOA92s手机双模5G120Hz超感屏oppoa92s游戏拍照手机九十度黑（6GB+128GB）【晒单有礼】5G全网通【超值套装】,44
https://img10.360buyimg.com/n7/jfs/t1/117839/18/2306/334096/5ea15fc7E3a7cd037/e8bca08fd7b6c070.jpg,128,天语手机京东自营官方旗舰店,15759,https://item.jd.com/100010880500.html,天语(K-Touch）Q31三防老人手机超长待机直板按键双卡双待移动/联通2G功能老年手机黑金色,53
https://img10.360buyimg.com/n7/jfs/t1/116752/6/6723/242120/5ebd0a35E3f197633/bf2805024ee54dc6.jpg,4488,中国移动手机官方旗舰店,88,https://item.jd.com/67127666840.html,【下单立减100】华为新品P405G手机全网通手机亮黑色8G+128G套餐,40
https://img10.360buyimg.com/n7/jfs/t1/118028/2/8677/682822/5ed32ddcE6f21a541/261d1f769b7cfa14.png,2199,OPPO墨白专卖店,0,https://item.jd.com/69762011250.html,【12期免息+榨汁杯】OPPOA92s手机双模5G120Hz超感屏oppoa92s游戏拍照手机九十度黑(6GB+128GB)5G全网通标配【晒单有礼】,
https://img10.360buyimg.com/n7/jfs/t1/123402/39/3575/233222/5ed3dd6aEedb68eaa/c8394b6b278fbf13.jpg,1998,vivo京东自营官方旗舰店,0,https://item.jd.com/100013240072.html,vivoY70s5G手机6+128GB星光蓝4500mAh大电池双重解锁后置三摄双模5G全网通手机,
https://img10.360buyimg.com/n7/jfs/t1/103675/18/6894/59559/5df845c7Eedb8b716/81920f66c49be637.jpg,269,天语手机京东自营官方旗舰店,24565,https://item.jd.com/100009236032.html,天语V9C电信高端旗舰手写翻盖老人手机,66
https://img10.360buyimg.com/n7/jfs/t1/117879/25/8660/163941/5ed0d7acE9615b982/9429726e3a820283.jpg,3399,realme真我京东自营旗舰店,544,https://item.jd.com/100007206103.html,realme真我X50Pro玩家版双模5G65W超级闪充高通骁龙86590Hz电竞屏8GB+128GB光速银旗舰手机,100
https://img10.360buyimg.com/n7/jfs/t1/107546/30/8460/280925/5e68b031Eef1e3223/55a71947653c0ba6.jpg,158,天语手机京东自营官方旗舰店,187679,https://item.jd.com/6274982.html,天语(K-Touch）Q31C电信2G直板按键三防老人手机学生备用功能机老年手机深空黑,43
https://img10.360buyimg.com/n7/jfs/t1/56649/30/9609/279143/5d6e5a63E0b4bd895/e079c98af242058f.jpg,998,realme真我京东自营旗舰店,162055,https://item.jd.com/100004605625.html,realme真我Q4800万超广角四摄高通骁龙712AIE20WVOOC闪充4035mAh大电池全网通4GB+64GB光钻绿游戏智能手机,30
https://img10.360buyimg.com/n7/jfs/t1/119440/25/5543/245916/5ebe87eaE40e2fcf9/f3f0b45581931d98.jpg,6488,中国移动手机官方旗舰店,369,https://item.jd.com/67127926885.html,【下单立减100】华为旗舰P40pro5G全网通手机亮黑色8G+256G套餐,44
https://img10.360buyimg.com/n7/jfs/t1/26870/38/5645/106727/5c402ba0E6cdd6d7f/1dabafb2d0afac36.jpg,99,天语手机京东自营官方旗舰店,115096,https://item.jd.com/4526055.html,【京东自营】天语N1超长待机全语音王来电报姓名大屏幕鱼鳞按键,24
